name,rating,material,designer,builder,opened,hours,size,info,helmet,lights,photo_cred,photo_url,video_url,obstacles
alameda skatepark,3,concrete,community effort,community effort,,,"15,000",,,,,,,
american canyon skatepark,2,prefabricated ramps,,,,"When school is out: - 8am - Dusk, When school is in session: Monday, Tuesday, Thursday, Friday: 3:15pm - Dusk, Wednesday: 1:30pm - Dusk","13,000",,,,,,,
anaheim west,3,concrete,purkiss rose,,2002,,"10,000",,,,,,,
downtown skate zone,2,prefabricated ramps,,,,,"2,000",,,,,,,
south volante skatepark,3,concrete,,,,,"13,000",This park is located on Emily Rd between Olinda Rd and Bruce St,,,,,,
antioch skatepark,2,concrete,,,,,"15,000",,,,,,,
3 diamonds skatepark,2,concrete,,,,,,,,,northwestskater.com,http://www.northwestskater.com/applevalley.html,,
bonita skatepark,2,concrete,purkiss rose,,2003,Dawn - 10pm,"10,700",,,,northwestskater.com,http://www.northwestskater.com/arcadia.html,,"ledges, stairs, rails, pyramid, quarterpipes"
rampart,3,wood/masonite,,,,,,"This is a private, indoor skatepark. It costs money and requires a helmet/pads to skate.",,,,,,
arcata skatepark,3,concrete,,,,,,,,,,,,
a-town park,3,wood/masonite,,,,,,"This is a private, indoor skatepark.  It costs money to skate and a helmet/pads are required",,,,,,
osborn skatepark,2,prefabricated ramps,,,,,,,,,,,,
auburn skatepark,3,concrete,,,,Dawn - Dusk,,,,,northwestskater.com,http://www.northwestskater.com/auburnca.html,,
avalon skatepark,1,wood/masonite,,,,,,This skatepark is located behind city hall,,,,,,
avenal skatepark,3,concrete,spohn ranch,,,,,,,,,,,
azusa skatepark,3,concrete,purkiss rose,,2002,,,,,,,,,
beach park,3,concrete,,,,5am - 10pm,,,,,,,,
planz park,3,concrete,spohn ranch,spohn ranch,2014,,"7,000",,,,Spohn Ranch,http://www.spohnranch.com/portfolio/planz-park-skatepark/,,
kernside,4,concrete,,,,,,This is a DIY skatepark,,,,,,
baldwin park skatepark,3,concrete,purkiss rose,california skateparks,2003,,"12,000",,,,,,,
banning skatepark,3,prefabricated ramps,,,,,,,,,,,,
dana park skatepark,3,concrete,mig/csp,california skateparks,,,"12,000",,,,northwestskater.com,http://www.northwestskater.com/barstow.html,,
bell gardens skatepark,3,concrete,purkiss rose,california skateparks,,,,,,,socalskateparks.com,http://www.socalskateparks.com/listing/bell-gardens-skatepark-los-angeles-skateparks.html,,
caruthers park,2,concrete,purkiss rose,california skateparks,,,,,,,northwestskater.com,http://www.northwestskater.com/bellflower.html,,
highland skatepark,3,concrete,wormhoudt inc.,wormhoudt inc.,,,"4,500",,,,wormhoudt inc. Inc.,http://www.skateparks.com/completed_parks.php?nid=76#top,,
x-park,4,concrete,wormhoudt inc.,,2007,,"20,000",This skatepark is at the end of Dempsey Dr.,,,northwestskater.com,http://www.northwestskater.com/benicia.html,,
orkin/hsang memorial skatepark,3,concrete,site design,,,8am - 9pm,"18,000",,,yes,,,,
sugarloaf skatepark,2,prefabricated ramps,,,,,,,,,Concrete Disciples,http://www.concretedisciples.com/index.php/skatepark/usa/southern-california/21155-sugarloaf-skatepark-big-bear-california-usa,,
town skatepark,2,prefabricated ramps,,,,,,,yes,,Concrete Disciples,http://www.concretedisciples.com/index.php/skatepark/usa/southern-california/19955-youth-center-skatepark-big-bear-lake-california-usa,,
biggs skatepark,1,concrete,,,,,,,,,,,,
bishop skatepark,2,concrete,,,,,,,,,,,,
mesa skatepark,3,concrete,,,,,,,,,,,,
borrego springs aktepark,4,concrete,site design,california skateparks,,,,,,,California Skateparks,http://californiaskateparks.com/skatepark-design-and-construction-portfolio/?n=Borrego+Springs+Skate+Park&projectID=24,,"quartpipes, bowls, rails, metal coping"
blake davis skatepark,3,concrete,purkiss rose,,2003,8am - 10pm,"18,000",,,,socalskateparks.com,http://www.socalskateparks.com/listing/brawley-skatepark.html,,
brea skatepark,3,concrete,purkiss rose,,2000,7am - Dusk,"10,000",,,,socalskateparks.com,http://www.socalskateparks.com/listing/brea-skatepark-orange-county-skateparks.html,,
brentwood skatepark,3,concrete,,,,9am - Dusk,"18,000",,,,Concrete Disciples,http://www.concretedisciples.com/index.php/skatepark/usa/northern-california/20188-brentwood-skatepark-brentwood-california-usa,,
brisbane skatepark,1,wood/masonite & prefabricated ramps,,,,,,,,,,,,"miniramp, rail"
buena park skatepark,2,concrete & prefabricated ramps,,,2003,8am - Dusk,"10,000",,,,socalskateparks.com,http://www.socalskateparks.com/listing/buena-park-skatepark-orange-county-skateparks.html,,
burbank skatepark,3,concrete,,,,"Monday - Thursday: 4pm - 7pm, Friday: 4pm - 9pm, Saturday - Sunday: 10am - 5pm","11,500",This skatepark costs money to skate and a helmet/pads are required.,,yes,socalskateparks.com,http://www.socalskateparks.com/listing/results.php?keyword=burbank,,
calexico nosotros saktepark,2,prefabricated ramps,,,,,,,,,,,,
pleasant valley skatepark,3,concrete,wormhoudt inc.,,1998,Dawn - Dusk,"12,000",This skatepark costs money to skate and a helmet/pads are required. There are designated BMX session times.,,,socalskateparks.com,http://www.socalskateparks.com/listing/camarillo-skatepark-ventura-skateparks.html,,
cameron park skatepark,3,concrete,,,,Dawn - Dusk,,,,,sk8parkatlas.com,http://www.sk8parkatlas.com/cameronpark.html,,
camp pendleton skatepark,2,concrete,site design,,,Dawn - Dusk,"4,000",,,,,,,
campbell skatepark,1,prefabricated ramps,,,,,,This skatepark costs money to skate and a helmet/pads are required.,,,,,,
lanark skatepark,3,concrete,new line skateparks,california skateparks,2015,,"14,000",,,,Concrete Discples and California Skateparks,,,
carlsbad skatepark,2,concrete,,,2001,8am - 10pm,"15,000",This skatepark is located right next to a police station,,yes,socalskateparks.com,http://www.socalskateparks.com/listing/carlsbad-skatepark-san-diego-skateparks.html,,
alga norte skatepark,4,concrete,stantec,stantec,2014,,"23,000",,,yes,,,,
carson skatepark,2,concrete,purkiss rose,,2003,lights til 10pm,"10,000",,,yes,socalskateparks.com,http://www.socalskateparks.com/listing/carson-skatepark-los-angeles-skateparks.html,,
adobe park skatepark,1,prefabricated ramps,,,,,,,,,,,,
castroville skatepark,2,prefabricated ramps,,,,,,,,,,,,
cayucos skatepark,4,wood/masonite & concrete,,,,,,,,,northwestskater.com,http://www.northwestskater.com/cayucosca.html,,"wood/masonite ramp, metal coping, pool coping"
ceres skatepark,3,concrete,,,,,"16,000",,,,,,,
cerritos skatepark,2,concrete,purkiss rose,hondo company inc,2000,8am - Dusk Mon: 11am - Dusk,"10,000",,,,,,,
the skate house,3,wood/masonite,,,,,"13,000",,,,,,,
chico skatepark,2,concrete,wormhoudt inc.,wormhoudt inc.,1999,,"10,000",,,,,,,
ayala park,4,concrete,site design,california skateparks,2003,8am - 10pm,"27,624",,,yes,northwestskater.com,http://www.northwestskater.com/chino.html,,
chino hills skatepark,3,concrete,purkiss rose/california skateparks,,2003,7am - Dusk,"6,000",,,,northwestskater.com,http://www.northwestskater.com/chinohills.html,,
heritage park skate plaza,1,concrete,,,,Dawn - Dusk,,,,,socalskateparks.com,http://www.socalskateparks.com/listing/chula-vista-heritage-park-street-plaza-san-diego-skateparks.html,,"rails, ledges, stairs"
len moore skatepark,3,wood/masonite & concrete,purkiss rose,kf stratton,2003,,"25,000",This is a private skatepark. It costs money and requires a helmet/pads to skate.,,yes,northwestskater.com,http://www.northwestskater.com/chulavistaLM.html,,
montevalle skate plaza,1,concrete,,,,8am - Dusk,,,,,socalskateparks.com,http://www.socalskateparks.com/listing/chula-vista-montevalle-street-plaza-san-diego-skateparks.html,,
salt creek skate plaza,2,concrete,,,,Dawn - Dusk,,,,,socalskateparks.com,http://www.socalskateparks.com/listing/chula-vista-salt-creek-street-plaza-san-diego.html,,
venetia skate plaza,1,concrete,,,,8am - Dusk,,,,,socalskateparks.com,http://www.socalskateparks.com/listing/chula-vista-santa-venetia-street-plaza-san-diego-skateparks.html,,
veterans skate plaza,2,concrete,,,,8am - Dusk,,,,,socalskateparks.com,http://www.socalskateparks.com/listing/veterans-park-chula-vista-san-diego-skateparks.html,,
winding walk skate plaza,2,concrete,,,,8am - Dusk,,,,,socalskateparks.com,http://www.socalskateparks.com/listing/results.php?keyword=winding+walk,,
rusch skatepark,3,concrete,california skateparks,california skateparks,,,"9,000",,,,northwestskater.com,http://www.northwestskater.com/citrusheights.html,,
claremont skatepark,2,concrete,purkiss rose,,1998,6am - 10pm,"6,000",,,yes,socalskateparks.com,http://www.socalskateparks.com/listing/claremont-skatepark-los-angeles-skateparks.html,,
clearlake skatepark,2,prefabricated ramps,,,,,,,,,,,,
cloverdale skatepark,,prefabricated ramps,,,,,,,,,,,,
letterman/rotary skatepark,4,concrete,site design,,,8am - 9pm,"27,000",,,yes,,,,
dateland park,2,prefabricated ramps,,,,,,,,,,,,
wilson skatepark,3,concrete,california skateparks,california skateparks,,,"10,000",,,,socalskateparks.com,http://www.socalskateparks.com/listing/compton-skatepark-los-angeles-skateparks.html,,
concord skatepark,2,concrete,,,,,,,,,,,,
corning skatepark,4,concrete,stantec,kendal construction,2013,,"22,000",,,,,,,
corona city park,2,concrete,purkiss rose,,1999,7am - 10pm,"10,000",,,yes,socalskateparks.com,http://www.socalskateparks.com/listing/corona-city-skatepark-riverside-county-skateparks.html,,
santana regional skatepark,2,concrete,purkiss rose,california skateparks,,,"11,000",,,,socalskateparks.com,http://www.socalskateparks.com/listing/corona-santana-skatepark-riverside-county-skateparks.html,,
deleo sports park,2,concrete,spohn ranch,spohn ranch,2012,,"4,000",,,yes,Spohn Ranch,http://www.spohnranch.com/portfolio/deleo-park-skatepark/,,"ledges, rail, gap, quarterpipe, fun box"
harada skatepark,3,concrete,community works,california skateparks,,,"10,000",,,,socalskateparks.com,http://www.socalskateparks.com/listing/results.php?keyword=harada,,
orchard skatepark,2,concrete,community works,california skateparks,,,"13,000",,,,socalskateparks.com,http://www.socalskateparks.com/listing/eastvale-orchard-park-skatepark-riverside-county-skateparks.html,,
james huber skatepark,3,concrete,community works design group (bill wildenberg & scott rice),california skateparks,2005,,"20,000",,,,socalskateparks.com,http://www.socalskateparks.com/listing/eastvale-huber-skatepark-riverside-county-skateparks.html,,"ledges, rails, pyramid, quarterpipes, bowl, metal coping"
coronado skatepark,3,concrete,site design,california skateparks,2001,,"20,000",,,,socalskateparks.com,http://www.socalskateparks.com/listing/coronado-skatepark-san-diego-skateparks.html,,
corte madera skatepark,1,prefabricated ramps,,,,,,,,,,,,
volcom skatepark,4,concrete,california skateparks,california skateparks,2005,"9am - 9pm, opens 3pm on Tuesdays","20,000",,,yes,northwestskater.com,http://www.northwestskater.com/costamesa.html,,
crescent city skatepark,2,prefabricated ramps,,,,,,,,,,,,
cudahy skatepark,1,prefabricated ramps,,,,,,,,,,,,
culver city skatepark,4,concrete,site design,california skateparks,,"monday - friday: 12pm - Dusk, saturday & sunday: 9:30am - 4:30pm ","15,000",A helmet/pads are required to skate this park.,,,northwestskater.com,http://www.northwestskater.com/culvercity.html,,
cypress skate plaza,2,concrete,purkiss rose,,2003,8am - Dusk,"12,000",,,,socalskateparks.com,http://www.socalskateparks.com/listing/cypress-skate-plaza.html,,
daly city skatepark,2,prefabricated ramps,,,,,,,,,,,,
davis skatepark,1,concrete,,,1993,,,,,,,,,
delano skatepark,3,concrete,site design,,,Dawn - Dusk,"23,342",,,,,,,
delhi skatepark,1,prefabricated ramps,,,2006,,,,,,,,,
desert hot springs skatepark,3,concrete,lawrence r moss & associates,,2003,Dawn - Dusk,"10,000",,,,northwestskater.com,http://www.northwestskater.com/deserthotsprings.html,,
nude bowl,4,concrete,,,,,,"Legendary pool out in the desert, skateable last time we checked",,,,,,
diamond bar skatepark,3,concrete,purkiss rose,,,7am - Dusk,"10,000",,,,socalskateparks.com,http://www.socalskateparks.com/listing/results.php?keyword=diamond+bar,,
dixon skatepark,3,concrete,,,,,,,,,Concrete Disciples,http://www.concretedisciples.com/index.php/skatepark/usa/northern-california/20812-dixon-skatepark-dixon-california-usa,,
independence park,2,concrete,purkiss rose,,2002,,"10,000",A helmet/pads are required to skate here.,,,,,,
pamela park,1,prefabricated ramps,,,,,,,,,,,,
duarte skatepark,3,concrete,lawrence r moss & associates,california skateparks,,Dawn - Dusk,"10,000",,,,northwestskater.com,http://www.northwestskater.com/duarte.html,,
emerald glen skatepark,2,concrete,,,,Dawn - Dusk,,,,,,,,
arnold park,,concrete,,,,,,,,,,,,
kennedy skatepark,3,concrete,purkiss rose,,2002,"Mon-Fri: 4-9, Sat: 12-9, Sun: 12-7","11,000",This skatepark costs money to skate and requires a helmet/pads,,,socalskateparks.com,http://www.socalskateparks.com/listing/el-cajon-skatepark-san-diego-skateparks.html,,
renette skate plaza,2,concrete,,,,,,,,,socalskateparks.com,http://www.socalskateparks.com/listing/el-cajon-renette-street-plaza-san-diego-skateparks.html,,
sidewinder skatepark,3,concrete,california skateparks,,2015,,"30,000",,,,,,,
el dorado hills skatepark,1,prefabricated ramps,,,,,,This skatepark costs money to skate and requires a helmet/pads,,yes,,,,
el segundo skatepark,2,concrete,,,,,,This skatepark has designated session times depending on whether you are over 18 years of age,,yes,socalskateparks.com,http://www.socalskateparks.com/listing/results.php?keyword=el+segundo,,
derr-okamota park,3,concrete,site design,,,,"13,300",,,,,,,
wackford community center,3,concrete,wormhoudt inc.,wormhoudt inc.,2004,8am - Dusk,"11,000",,,,Concrete Disples,http://www.concretedisciples.com/index.php/skatepark/usa/northern-california/19564-elk-grove-skate-park-elk-grove-california-usa,,
shasta community park,2,prefabricated ramps,,,,,,,,,,,,
morse park,2,concrete,,,,,,,,,,,,
antonio ramos memorial skatepark,3,concrete,wormhoudt,california skateparks,2016,,,,,,,,,
magdalena ecke family ymca,4,wood/masonite & concrete,california skateparks,california skateparks,,,"37,000",This skatepark costs money to skate and requires a helmet/pads,,,,,,"vert ramp, bowls, ledges, rails, pyramids, banks, metal coping, pool coping"
leucadia oaks,1,concrete,,,,,,,,,,,,
community skatepark,4,concrete,stantec,,2014,,"34,000",,,,,,,
pedlow,3,concrete,purkiss rose,california skateparks,2001,,"20,000",,,,,,,
escondido sports center,3,wood/masonite,,,,,"22,000",This is a private skatepark that costs money to skate and requires a helmet/pads,,,,,,
eureka skatepark,4,concrete,wormhoudt inc.,,2010,,"12,000",,,,,,,
allan witt rotary skatepark,3,concrete,,,,Dawn - Dusk,,,,,,,,
travis air force base,2,prefabricated ramps,,,,,,The skatepark is located on Twin Peaks Dr. north of the intersection with Fairchild across the street from some basketball courts,,yes,,,,"mini ramp, banks"
fillmore skatepark,3,concrete,community works,california skateparks,,,"12,000",,,,northwestskater.com,http://www.northwestskater.com/fillmore.html,,
maldonado skatepark,3,concrete,wormhoudt inc.,clark bros construction inc,2008,,"14,000",,,,Concrete Disciples,http://www.concretedisciples.com/index.php/skatepark/usa/northern-california/24552-maldonado-skate-park-firebaugh-california-usa,,
mathy bethune skatepark,2,prefabricated ramps,,,,,,,,,Concrete Disciples,http://www.concretedisciples.com/index.php/skatepark/usa/southern-california/20889-mathy-bethune-skate-park-florence-california-usa,,
cummings skatepark,3,concrete,wormhoudt inc.,,2003,,"21,000",This skatepark costs money to skate and requires a helmet/pads,,yes,northwestskater.com,http://www.northwestskater.com/folsom.html,,
jesse turner skatepark (fontana north),4,concrete,site design,california skateparks,,,"20,000","This skatepark costs money to skate, may require a helmet/pads, and has designated session times, including designated BMX sessions",,yes,northwestskater.com,http://www.northwestskater.com/fontanaN.html,,
juniper community center (fontana south),3,concrete,california skateparks,california skateparks,2002,"Mon - Fri: 12pm - 9pm, Sat & Sun: 9am - 9pm","26,000",,,yes,northwestskater.com,http://www.northwestskater.com/fontana.html,,
foster city skatepark,3,concrete,wormhoudt inc.,,2009,9am - Dusk,"7,000",,,,,,,
frazier park skatepark,1,prefabricated ramps,,,,,,,,,,,,
fremont skatepark,4,concrete,wormhoudt inc.,,2013,Dawn - Dusk or 8pm,"25,000",,,,,,,
cary ramp park,1,prefabricated ramps,,,,Dawn - Dusk,,,,,,,,
kaiser ramp park,2,prefabricated ramps,,,,Dawn - Dusk,,,,,,,,
lion's den skatepark,3,concrete,site design,,2002,8am-10pm,"30,000",,,yes,,,,
melody ramp park,2,prefabricated ramps,,,,Dawn - Dusk,,,,,,,,
mosqueda bike park,3,concrete,wormhoudt inc.,,2009,,"30,000","This is BMX only park, let's start a revolution and get Fresno to allow skateboards ",,,,,,
romain ramp park,1,prefabricated ramps,,,,Dawn - Dusk,,,,,,,,
the ark,3,wood/masonite,,,,Dawn - Dusk,,Home to one of the few vert ramps in Cali,,,,,,vert ramp
todd beamer skatepark,3,concrete,wormhoudt inc.,california skateparks,2010,,"11,000",,,,,,,
independence park,3,concrete,purkiss rose,,,9am - Dusk,"12,000",,,,,,,
galt skatepark,1,prefabricated ramps,,,,,,,,yes,Concrete Disciples,http://www.concretedisciples.com/index.php/skatepark/usa/northern-california/20886-galt-skate-park-galt-california-usa,,
garden grove skatepark,2,concrete,,,2010,6am - 11pm,,,,yes,northwestskater.com,http://www.northwestskater.com/gardengrove.html,,
arthur lee johnson memorial park,2,concrete,spohn ranch,spohn ranch,2012,Dawn - Dusk,"7,000",,,,Spohn Ranch,http://www.spohnranch.com/portfolio/arthur-johnson-skatepark-2/,,
rowley park,2,concrete,spohn ranch,spohn ranch,2012,,"8,000",,,,Spohn Ranch,http://www.spohnranch.com/portfolio/rowley-park-skatepark/,,
gilroy skatepark,2,concrete,,,,7am - Dusk,,This skatepark has designated session times for BMX,,,northwestskater.com,http://www.northwestskater.com/gilroy.html,,
verdugo park,4,concrete,,,,,"1,500",This skatepark costs money to skate and requires a helmet/pads,,yes,northwestskater.com,http://www.northwestskater.com/glendale.html,,
glendora skatepark,3,concrete,lawrence r moss & associates,california skateparks,,,"10,000",,,,socalskateparks.com,http://www.socalskateparks.com/listing/glendora-skatepark-los-angeles-skateparks.html,,
gonzales skatepark,1,prefabricated ramps,,,,,,,,,,,,
condon park,3,concrete,wormhoudt inc.,wormhoudt inc.,2001,9am - Dusk,"23,000",Wednesdays 9am - 11am and Sundays 9am - 12pm are reserved for kids 10 and under,,,northwestskater.com,http://www.northwestskater.com/grassvalley.html,,
patriot park,3,concrete,wormhoudt inc.,wormhoudt inc.,2002,,"11,000",,,,Concrete Disciples,http://www.concretedisciples.com/index.php/skatepark/usa/northern-california/19568-greenfield-skatepark-greenfield-california-usa,,
gridley skatepark,2,prefabricated ramps,,,,,,,,,Concrete Disciples,http://www.concretedisciples.com/index.php/skatepark/usa/northern-california/21410-skatepark-gridley-california-usa,,
mary laveroni park,1,prefabricated ramps,,,,,,,,,,,,
south county skatepark,2,concrete,,,,,,This is a private skatepark.  It costs money and requires a helmet/pads to skate.,,,,,,
hanford skatepark,2,concrete,,,,,,,,,,,,
hawaiian gardens skatepark,1,prefabricated ramps,,,,10am-7pm,,,,,,,,
larry guidi skatepark,3,concrete,,,,"Monday - Friday: 3pm - 9pm, Saturday - Sunday: 9am - 9pm",,,,,socalskateparks.com,http://www.socalskateparks.com/listing/hawthorne-skatepark-los-angeles-skateparks.html,,
tennyson park,3,concrete,,,,,,,,,,,,
cannery park,2,concrete,,,,,,,,,,,,
carson warner memorial skatepark,3,concrete,wormhoudt inc.,wormhoudt inc.,2000,"Winter Hours: 8am - 5pm, Summer Hours: 8am -7pm","20,000",,,,skatin.it,http://skatin.it/carson-warner-memorial-skatepark/,,
hermosa beach skatepark,2,concrete,,,,"When Hermosa schools are in session - Monday through Friday: 3 _ã_ 7pm, Wednesdays 10 years of age or younger ONLY: 2 _ã_ 3pm, Saturday, Sunday: 12 _ã_ 7pm Hermosa school holidays, including Summer break - Monday through Sunday: 12 _ã_ 7pm",,,,,socalskateparks.com,http://www.socalskateparks.com/listing/hermosa-beach-skatepark-los-angeles-skateparks.html,,
veterans memorial park,2,concrete & prefabricated ramps,,,,,,,,,,,,
murdy park,1,concrete,,,,7am - 10pm,,,,,,,,
vans off the wall skatepark,4,concrete,california skateparks/site design,california skateparks,2014,9am _ã_ Dusk,"42,500",This skatepark may have BMX sessions on Wednesdays,,,,,,
idyllwild skatepark,2,prefabricated ramps,,,,,,,,,,,,
imperial beach skatepark,3,concrete,,,2010,Dawn - Dusk,,,,,,,,
indio skatepark,,concrete,,,,,,,,,,,,
darby skatepark,2,prefabricated ramps,,,,,,,,,Concrete Disciples,http://www.concretedisciples.com/component/content/article/58-usa-skateparks/20228-darby-skatepark-inglewood-california-usa.html,,
rogers park skatepark,2,prefabricated ramps,,,,,,,,,Concrete Disciples,http://www.concretedisciples.com/index.php?option=com_content&view=article&id=21547:rogers-park-skatepark-inglewood-california-usa&catid=174:southern-california&Itemid=505,,
vincent park skatepark,2,prefabricated ramps,,,,,,,,,Concrete Disciples,http://www.concretedisciples.com/component/content/article/58-usa-skateparks/21548-vincent-park-skatepark-inglewood-california-usa.html,,
ione skatepark,3,concrete,wormhoudt inc.,wormhoudt inc.,2005,Dawn - Dusk,"7,500",,,,,,,
mariners church,2,concrete,wormhoudt inc.,california skateparks,2008,,"6,000",,,,,,,
harvard skatepark,3,concrete,purkiss rose,4-con engineering,2000,,,,,,northwestskater.com,http://www.northwestskater.com/irvine.html,,
irwindale skatepark,3,concrete,,,,6am-Dusk,,,,,northwestskater.com,http://www.northwestskater.com/irwindale.html,,
jess martin park,1,prefabricated ramps,,,,,,,,,,,,
king city skatepark,1,prefabricated ramps,,,,,,,,,Concrete Disciples,http://www.concretedisciples.com/index.php/skatepark/usa/northern-california/19571-king-city-skatepark-king-city-california-usa,,
la habra skatepark,3,concrete,,,,"Mon - Fri: 3pm - 8pm, Saturday - Sunday: 12pm - 8pm, Holidays: Closed",,,,,socalskateparks.com,http://www.socalskateparks.com/listing/la-habra-skatepark-orange-county-skateparks.html,,
la mesa skatepark,2,concrete,,,,Dawn - Dusk,,,,,northwestskater.com,http://www.northwestskater.com/lamesa.html,,
4th ave skatepark,3,concrete,charles h strawter design inc,geocon engineering,2012,Dawn - Dusk,"11,000",,,,northwestskater.com,http://www.northwestskater.com/lapuente.html,,
bassett park skatepark,2,prefabricated ramps,,,,,,,,,socalskaetparks.com,http://www.socalskateparks.com/listing/bassett-park-skatepark-los-angeles-skateparks.html,,
la quinta skatepark,2,concrete,,,,,,,,,,,,
fritz burns park,1,prefabricated ramps,,,,,,,,,,,,
la verne skatepark,2,concrete,california skateparks,california skateparks,1998,,"12,550",,,,socalskateparks.com,http://www.socalskateparks.com/listing/la-verne-skatepark.html,,
teramore skatepark,3,concrete,wally hollyday,wally hollyday,2005,9am - 9pm,"14,000",This is not a public skatepark. It is for community members only.,,yes,northwestskater.com,http://www.northwestskater.com/laderaranchca.html,,"bowl, rail, quarterpipes, stairs, ledges, metal cpoing"
laguna hills skatepark,2,concrete,,,,8am - 10pm,,,,,northwestskater.com,http://www.northwestskater.com/lagunahills.html,,
laguna niguel skatepark,3,concrete,california skateparks,california skateparks, ,"School Days: 12pm -9:30pm, Weekends, Holidays: 9am - 9:30pm","24,000",This skatepark costs money to skate and may require a helmet/pads,,yes,northwestskater.com,http://www.northwestskater.com/ln.html,,
mcvicker canyon skate park,2,prefabricated ramps,,,,,,,,,Concrete Disciples,http://www.concretedisciples.com/component/content/article/58-usa-skateparks/20006-action-alliance-skatepark-lake-elsinore-california-usa.html,,
skate zone at serenity park,3,concrete,spohn ranch,spohn ranch,2015,6:30am - Dusk,,,,,Spohn Ranch,http://www.spohnranch.com/portfolio/serenity-park-skatepark/,,
etnies skatepark,4,concrete,site design,california skateparks,December 2003 (expansion August 2011),"Mon - Thurs: 11am - 9pm, Friday: 11am - 10pm, Sat: 10am - 10pm, Sun: 10am - 9pm",,This skatepark requires a helmet/pads,,,northwestskater.com,http://www.northwestskater.com/etnies.html,,
lindo lake skatepark,3,concrete,action sports design (stantec),,2014,,,,,,,,,
lathrop skatepark,2,concrete,wormhoudt inc.,california skateparks,2014,,"16,000",,,,,,,
lathrop skatepark,2,concrete,site design,spohn ranch, ,9am-Dusk,"7,440",,,,,,,
lemon grove skate spot,1,concrete,,,,,,,,,socalskateparks.com,http://www.socalskateparks.com/listing/lemon-grove-skate-spot-san-diego-skateparks.html,,"pole jam, rails, ledges"
lemoore skatepark,2,concrete,,,,,,,,,,,,
mcbean memorial park,1,prefabricated ramps,,,,,,,,,Concrete Disciples,http://www.concretedisciples.com/index.php/skatepark/usa/northern-california/19572-mcbean-skatepark-lincoln-california-usa,,
sunken gardens skatepark,3,concrete,wormhoudt inc.,a j vasconi,2000,Dawn - Dusk,"11,000",,,,Wormhoudt Inc.,http://www.skateparks.com/completed_parks.php?nid=55#top,,
kofu park skatepark,2,prefabricated ramps,,,,,,,,,,,,
lompoc skatepark,3,concrete,,,,7am - Dusk,,,,,northwestskater.com,http://www.northwestskater.com/lompocca.html,,
lone pine skatepark,3,concrete,hardcore skateparks,,,,,,,,,,,
cherry park/bixby park,2,concrete,,california skateparks,,,,,,,California Skateparks,http://californiaskateparks.com/2015/07/cherry-park-in-long-beach-gets-a-ca-skateparks-facelift/,,
drake park skatepark,1,prefabricated ramps,,,,,,,,,Concrete Disciples,http://www.concretedisciples.com/component/content/article/58-usa-skateparks/25135-drake-park-skatepark-long-beach-california-usa.html,,
el dorado skatepark,3,concrete,purkiss rose,california skateparks,2000,,"12,000",This skatepark requires a helmet/pads,,,socalskateparks.com,http://www.socalskateparks.com/listing/long-beach-el-dorado-skatepark-los-angeles-skateparks.html,,
houghton skatepark,3,concrete,,,2004,,,,,,,,,
mcbride skatepark,3,concrete,spohn ranch,spohn ranch,2012,7am - 10pm,"11,000",,,yes,Spohn Ranch,http://www.spohnranch.com/portfolio/mcbride-skatepark/,,
michael green skatepark,2,concrete & prefabricated ramps,,,,,"8,000",,,,,,,
orizaba skate spot,2,concrete,spohn ranch,spohn ranch,2011,,"3,500",,,,Spohn Ranch,http://www.spohnranch.com/portfolio/orizaba-park-skatepark/,,
silverado skatepark,1,prefabricated ramps,,,,,,,,,Concrete Disciples,http://www.concretedisciples.com/index.php/skatepark/usa/southern-california/25136-silverado-skatepark-long-beach-california-usa,,
blue anchor park,2,concrete,wormhoudt inc.,wormhoudt inc.,2013,,"5,000",,,,,,,
belvedere skatepark,4,concrete,lawrence r moss & associates,,2007,"Mon - Sat: 10am - 9pm, Sun: 10am - 7pm","19,000",,,yes,northwestskater.com,http://www.northwestskater.com/belvedere.html,,
lake st skatepark,1,prefabricated ramps,,,,,,,,,,,,
lincoln park,3,concrete,lance mountain & california skatepark,california skateparks,2011,,"9,000",,,,,,,
marsh creek skatepark,2,prefabricated ramps,,,,,,,,,,,,
nickerson gardens,2,concrete,california skateparks,california skateparks,,,"5,100",,,,Concrete Disciples,http://www.concretedisciples.com/component/content/article/58-usa-skateparks/22114-nickerson-gardens-skate-park-los-angeles-california-usa.html,,
stoner skate plaza,3,concrete,california skateparks,california skateparks,2010,9am -9pm,"20,500",,,,California Skateparks,http://californiaskateparks.com/2010/07/sroner-skate-plaza-grand-opening-today/,,
westchester skate plaza,3,concrete,california skateparks,california skateparks,2011,,"13,000",,,yes,California Skateparks,http://californiaskateparks.com/skatepark-design-and-construction-portfolio/?n=Westchester+Skate+Plaza&projectID=259,,
charmette bonpua skate plaza,2,concrete,california skateparks,california skateparks,2010,,"10,000",,,,California Skateparks,http://californiaskateparks.com/skatepark-design-and-construction-portfolio/?n=Charmette+Bonpua+Skate+Plaza&projectID=240,,
diamond supply co. skate plaza,3,concrete,california skateparks,california skateparks,2014,,"10,000",,,,,,,
el sereno skatepark,2,prefabricated ramps,,,,,,,,,Concrete Disciples,http://www.concretedisciples.com/index.php/skatepark/usa/southern-california/20030-el-sereno-skatepark-los-angeles-california-usa,,
gilbert lindsay skate plaza,3,concrete,california skateparks,california skateparks,2014,,,,,,,,,
hollenbeck skate plaza,3,concrete,california skateparks,california skateparks,,,"13,000",,,,,,,
imperial court skate plaza,2,concrete,california skateparks,california skateparks,,,"5,300",,,,,,,
jackie tatum skate plaza,3,concrete,colby carter/california skateparks,california skateparks,,,"10,000",,,,,,,
lafayette skate plaza,3,concrete,california skateparks,california skateparks,2008,,"10,000",,,,,,,
garvanza skatepark,3,concrete,purkiss rose,california skateparks,,,"20,000",,,,,,,
north hollywood skate plaza,3,concrete,california skateparks/lance mountain,california skateparks,2010,,"15,000",,,,,,,
hansen dam skatepark,3,concrete,wormhoudt inc.,spohn ranch,2012,,"9,000",,,,,,,
cardenas skate plaza,2,concrete,california skateparks,california skateparks,,,"4,500",,,,California Skateparks,http://californiaskateparks.com/skatepark-design-and-construction-portfolio/?n=Cardenas+Skate+Plaza&projectID=251,,
sunland skatepark,2,prefabricated ramps,,,,,,This skatepark costs money to skate and may require a helmet/pads,,,,,,
los angeles (venice) skatepark,4,concrete,wormhoudt inc.,california skateparks,2009,9am - Dusk,"16,000",,,,,,,
monitor skatepark,3,concrete,spohn ranch,spohn ranch,2015,,"6,000",,,,Spohn Ranch,http://www.spohnranch.com/portfolio/monitor-park-skatepark/,,
wlcac skatepark,3,concrete,spohn ranch,spohn ranch,2010,,"4,000",,,,Spohn Ranch,http://www.spohnranch.com/portfolio/wlcac-skatepark/,,"stairs, rails, ledges, quarterpipes, bank, metal coping"
ambassador skatepark,2,concrete,spohn ranch,spohn ranch,2008,,"10,000",,,,,,,
los osos skatepark,4,concrete,wormhoudt inc.,wormhoudt inc.,2005,"M - F: 12pm - 8:30pm, Sat & Sun: 10am - 8:30pm","17,000",This skatepark costs money to skate and requires a helmet/pads,,,northwestskater.com,http://www.northwestskater.com/lososos.html,,
loyalton skatepark,2,concrete,,,,,,,,,Concrete Disciples,http://www.concretedisciples.com/component/content/article/58-usa-skateparks/19181-loyalton-skatepark-loyalton-california-usa.html,,
lynwood skatepark,3,concrete,,,,,,,,,,,,
madera skatepark,3,concrete,,,,,,,,yes,,,,
volcom brothers skatepark,5,concrete,grindline,grindline,2006,Dawn - Dusk,"40,000",,,,,,,
manteca skatepark,3,concrete,,,,Dawn - Dusk,,,,,northwestskater.com,http://www.northwestskater.com/manteca.html,,
marina skatepark,3,concrete,wormhoudt inc.,wormhoudt inc.,2004,9am - one hour after Dusk,"11,000",,,,,,,
mariposa skatepark,3,concrete,wally holliday,california skateparks,,,"8,000",,,,,,,
martinez skatepark,3,concrete,,,,,,,,,,,,
benito juarez skate spot,2,concrete,spohn ranch,spohn ranch,2014,,"1,800",,,,Spohn Ranch,http://www.spohnranch.com/portfolio/benito-juarez-park-skate-spot/,,
burgess skate park,3,concrete,wormhoudt inc.,wormhoudt inc.,2005,Dawn - Dusk,"14,000",,,,skateboard.com.au,http://www.skateboard.com.au/skateparks/united-states-of-america/burgess-park-skatepark/,,
applegate skatepark,2,concrete,,,,,"7,500",,,,,,,
mill valley skatepark,1,prefabricated ramps,,,,Dawn - Dusk,,,,,,,,
millbrae skatepark,2,concrete & wood/masonite,,,2002,"Summer & Weekends: 8am - Dusk, School Days: 12pm - Dusk",,,,,,,,
beebe skatepark,2,concrete,,,1999,8am - Dusk,"9,000",,,,northwestskater.com,http://www.northwestskater.com/missionviejo.html,,
modesto skatepark,2,concrete,,,,,,,,, ,,,
monrovia skatepark,3,concrete,purkiss rose,california skateparks,,Dawn - 9pm,"13,000",,,yes,northwestskater.com,http://www.northwestskater.com/monrovia.html,,"bowl, rail, ledges, fun box, double set, metal coping"
montclair skatepark,3,concrete,purkiss rose,california skateparks,,8am - 10pm,"11,000",,,yes,northwestskater.com,http://www.northwestskater.com/montclair.html,,
russian river skatepark,2,concrete,wormhoudt inc.,spohn ranch skateparks,2013,,"8,000",,,,Spohn Ranch,http://www.spohnranch.com/portfolio/creekside-park-skatepark/,,
montebello skatepark,3,concrete,,,,"M-F: 12pm - Dusk, Sat-Sun: 10am - Dusk",,,,,,,,
el estero skatepark,2,concrete,,,,,,,,,skatin.it,http://skatin.it/monterey-skatepark/,,
poindexter skatepark,4,concrete,community works,california skateparks,2009,"School Days: 10am - Dusk, Other Days: 8am - Dusk","20,000",,,,northwestskater.com,http://www.northwestskater.com/moorparkca.html,,
lamorinda skatepark,2,concrete,,,,,,Located in Moraga Commons Park. From the intersection of Moraga Rd. and St. Marys Rd. continue north on Moraga Rd and the park will be on your right.,,,,,,
moreno valley skatepark,3,concrete,,,2003,,,,,yes,socalskateparks.com,http://www.socalskateparks.com/listing/moreno-valley-skatepark-riverside-county-skateparks.html,,
morgan hill skatepark,3,concrete,site design,california skateparks,2009,8am - Dusk,"12,000",This skatepark requires a helmet/pads to skate and has designated sessions for BMX/scooters,,,northwestskater.com,http://www.northwestskater.com/morganhill.html,,
rockies skatepark,1,prefabricated ramps,,,,,,Dedicated bike sessions on Wednesdays,,,,,,
shastice park,4,concrete,wally hollyday,wally hollyday,2010,,"11,000",The park is located towards the back of Shastice Park,,,,,,"bowl, bank to wall, quarteripes, rails, ledges, pole jam, rock gap, banks, metal coping, pool coping"
rengstorff skateoark,2,prefabricated ramps,,,,,,,,,,,,
cal oaks skatepark,2,concrete,purkiss rose,california skateparks,,,"7,500",This park may cost money to skate and require a waiver and helmet/pads,,,northwestskater.com,http://www.northwestskater.com/murrietaca.html,,
napa rip zone skatepark,1,concrete,wormhoudt inc.,wormhoudt inc.,1995,,"8,000",,,,skatin.it,http://skatin.it/napa-skatepark/,,
kennedy park,4,concrete,california skateparks,california skateparks,2015,,"30,000",The park is at the very end of Streblow Dr.,,,,,,"rails, ledges, bowls, quarterpipes, spine, stairs, metal coping, pool coping"
needles skatepark,3,concrete,california skateparks,california skateparks,2004,,"10,000",,,,northwestskater.com,http://www.northwestskater.com/needles.html,,
doyle skatepark,2,prefabricated ramps,,,,,,,,,socalskateparks.com,http://www.socalskateparks.com/listing/norwalk-skatepark-los-angeles-skateparks.html,,
novato skatepark,3,concrete,,wormhoudt inc.,2002,10am - Dusk,"15,000",,,,,,,
boys & girls club skatepark,1,concrete,,,,,,"The park is located just northwest of Oakhurst Elementary, next to a soccer field and basketball court",,,,,,
lower bob's,4,concrete,,,,,,This is a DIY skatepark,,,,,,
oakland town park,4,concrete,california skateparks & grindline,california skateparks & grindline,2008,,,This skatepark received a revamp in 2015.,,,,,,
youth uprising skate plaza,3,concrete,site design,california skateparks,2010,Dawn to Dusk,"19,000",,,,California Skateparks,http://californiaskateparks.com/skatepark-design-and-construction-portfolio/?n=Youth+Uprising+Skate+Plaza&projectID=220,,
alex road skatepark/prince park,4,concrete,grindline,california skateparks,2013,,"22,700",,,,California Skateparks,http://californiaskateparks.com/skatepark-design-and-construction-portfolio/?n=Alex+Road+Skatepark&projectID=297,,
melba bishop skatepark,4,concrete,,grindline,2008,Dawn to Dusk,"8,000",,,,,,,
john landes skatepark,2,concrete,,,2003,Dawn to Dusk,,,,,,,,
libby lake skatepark,1,prefabricated ramps,,,2003,Dawn to Dusk,,,,,,,,
martin luther king jr. skatepark,4,concrete,grindline,grindline,2008,Dawn to Dusk,"6,000",,,,northwestskater.com,http://www.northwestskater.com/oceanside.html,,
ojai skatepark,3,concrete,site design,california skateparks,2010,,"11,700",,,,skatin.it,http://skatin.it/ojai-skatepark/,,"rails, ledges, quarterpipes, bowl, metal coping, pool coping, pyramid"
vans skatepark,4,concrete,california skateparks,california skateparks,,,"46,000","Originally wood/masonite, this indoor park was refurbished by California Skateparks in February of 2015.  This is a private skatepark that costs money, has designated session times, and requires a helmet/pads",,,California Skateparks,http://californiaskateparks.com/2015/02/new-vans-street-course-block-orange/,,
orange cove skatepark,3,concrete,site design,,,12pm - 8pm,"36,000",,,yes,,,,
bedrock skate & bike park,3,concrete & wood/masonite,,altman engineering,,,"14,500",,,,,,,
oxnard skatepark,3,concrete,wormhoudt inc.,california skateparks,2004,"M-Th: 2pm-8pm, F: 2pm-10pm, Sat: 10am-10pm, Sun: 10am-8pm","15,000",,,yes,socalskateparks.com,http://www.socalskateparks.com/listing/oxnard-skatepark-ventura-skateparks.html,,
pacifica skatepark,4,concrete,wormhoudt inc.,wormhoudt inc.,2005,"Mon - Sat: 9am - Dusk, Sun: 10:30am - Dusk","14,000",,,,,,,
norcal miniramp,3,,,,,,,,,,,,,
nike/la84 skate plaza,3,concrete,california skateparks,california skateparks,2009,,,,,,California Skateparks,http://californiaskateparks.com/skatepark-design-and-construction-portfolio/?n=Nike%2FLA84+Foundation+Skate+Plaza&projectID=190,,
pala skatepark,4,concrete,california skateparks,california skateparks,2008,"Mon _ã_ Fri: 2pm _ã_ Dusk, Sat _ã_ Sun: 10am _ã_ 6:30pm","18,000",This skatepark has designated BMX sessions.,,,California Skateparks,http://californiaskateparks.com/skatepark-design-and-construction-portfolio/?n=Pala+Skate+Park&projectID=81,,"rails, stairs, bowls, ledges, pool coping, metal coping"
palm desert skatepark,2,concrete,purkiss rose,california skateparks,,Lights on til 9pm,"10,000",This skatepark has designated BMX sessions.,,yes,northwestskater.com,http://www.northwestskater.com/palmdesert.html,,
sunrise plaza skatepark,4,concrete,site design,,2003,"M-F: 12pm - 10pm, Sat & Sun: 9am - 10pm","30,000",,,yes,northwestskater.com,http://www.northwestskater.com/palmsprings.html,,
domenic massari park/chris o'leary skatepark,3,concrete,,,,6am - 10pm,,,,yes,socalskateparks.com,http://www.socalskateparks.com/listing/chris-oleary-skatepark-palmdale.html,,
palmdale skatepark west,2,concrete,,,,10am - 9pm,,,,yes,socalskateparks.com,http://www.socalskateparks.com/listing/palmdale-skatepark-west-los-angeles-county-skateparks.html,,
greer skatepark,2,concrete,,,,Dawn - 10:30pm,,,,,northwestskater.com,http://www.northwestskater.com/paloalto.html,,
village skatepark,3,concrete,,,2001,,,,,,socalskateparks.com,http://www.socalskateparks.com/listing/paramount-skatepark-los-angeles-skateparks.html,,
pasadena skatepark,2,prefabricated ramps,,,,,,,,,Concrete Disciples,http://www.concretedisciples.com/component/content/article/58-usa-skateparks/20067-pasadena-skatepark-pasadena-california-usa.html,,
patterson skatepark,4,concrete,wally hollyday,,2011,,"14,000",,,yes,,,,
paragon skatepark,2,prefabricated ramps,,,,Dawn - Dusk,,,,,socalskateparks.com,http://www.concretedisciples.com/index.php/skatepark/usa/southern-california/21317-paragon-skate-park-perris-california-usa,,
petaluma skatepark,2,concrete,,,,,,,,,,,,
pico rivera skatepark,2,concrete,,,,10am - Dusk,"10,000",,,,,,,
piedmont skatepark,2,concrete,,,,,,,,,,,,
placerville skatepark,3,concrete,site design,california skateparks,,,"18,500",,,,,,,
pleasanton skatepark,2,concrete,,,,,,,,,,,,
pleasanton skatepark #2,3,concrete,,,,,"18,000",,,,,,,
martin luther king skatepark,2,concrete,,,,,,,,,Concrete Disciples,http://www.concretedisciples.com/index.php/skatepark/usa/southern-california/20459-m-l-k-jr-skate-park-pomona-california-usa,,
palomares skatepark,3,concrete,purkiss rose,california skateparks,,,"11,000",,,,socalskateparks.com,http://www.socalskateparks.com/listing/pomona-skatepark-los-angeles-skateparks.html,,
porterville skatepark,3,concrete,site design,california skateparks,,,"15,000",,,,,,,
poway skatepark,4,concrete,wormhoudt inc.,california skateparks,2003,8am - 9:30pm,"14,400",,,,,,,
quincy skatepark,3,concrete,,,2003,9am - Dusk,"11,000",,,,Concrete Disciples,http://www.concretedisciples.com/index.php/skatepark/usa/northern-california/19591-quincy-skatepark-quincy-california-usa,,
mather sports center skatepark,3,concrete,site design,california skateparks,,6am - 10pm,"18,600",,,,,,,
rancho cucamonga skatepark,2,concrete,purkiss-rose,,,8am - Dusk,"9,000",,,,northwestskater.com,http://www.northwestskater.com/ranchocucamonga.html,,
rancho santa margarita skatepark,3,concrete,,,,Dawn - Dusk,,,,,,,,
red bluff skatepark,3,concrete,,,,8am - Dusk,,,,,Concrete Disciples,http://www.concretedisciples.com/index.php?option=com_content&view=article&id=20753:red-bluff-skatepark-red-bluff-california-usa&catid=175:northern-california&Itemid=506,,
redding skatepark,3,concrete,,,,,,,,,Concrete Disciples,http://www.concretedisciples.com/component/content/article/58-usa-skateparks/19604-redding-skatepark-redding-california-usa.html,,
phil shao memorial skatepark,3,concrete,,,,Dawn - Dusk,,,,,,,,"bowl, ledges"
fergusson skatepark,4,concrete,spohn ranch,spohn ranch,2012,,"16,000",,,,Spohn Ranch,http://www.spohnranch.com/portfolio/fergusson-park-skatepark/,,"pole jam, quarterpipe, bowl, pool coping, metal coping, stairs, ledges, rails, euro-gap"
margaret todd park,3,concrete,,,,6am - 10pm,,,,yes,northwestskater.com,http://www.northwestskater.com/rialto.html,,"stairs, rails, ledges, manual pad, quarterpipes, pyramid, hips, metal coping"
nicholl skatepark,3,concrete,pillar design studios,,2009,,"10,000",,,,sk8parkatlas.com,http://www.sk8parkatlas.com/richmond.html,,"quarterpipe, pyramid, ledges, rails, mini-ramp, metal coping"
ridgecrest skatepark,2,concrete,,,,,,,,yes,,,,"quarterpipe, rails, stairs, hips, pyramid, ledges, bowl, metal coping"
rio vista skatepark,1,prefabricated ramps,,,,,,,,,,,,
curt pernice skatepark,4,concrete,team pain,team pain,2001,Dawn - Dusk,,This skatepark is located right next to a police station,,,northwestskater.com,http://www.northwestskater.com/ripon.html,,"quarterpipes, hips, pyramid, spine, noping, metal coping"
riverbank skatepark,3,concrete,,,,Dawn - Dusk,,,,,Concrete Disciples,http://www.concretedisciples.com/index.php/skatepark/usa/northern-california/24405-riverbank-skate-park-riverbank-california-usa,,"stairs, rails, quarterpipes, pyramid, ledges, bowl, metal coping"
bobby bonds skatepark,2,prefabricated ramps,,,,,,,,yes,socalskateparks.com,http://www.socalskateparks.com/listing/hunt-park-riverside-inland-empire-skateparks.html,,"mini-ramp, pyramid, stairs, rails, ledges, picnic table, manual pad"
hunt park,3,concrete,,,,7am - 9pm,,,,yes,socalskateparks.com,http://www.socalskateparks.com/listing/bobby-bonds-skatepark-riverside-skateparks.html,,"pyramid, stairs, rails, ledges, mini ramp"
jurupa skatepark,3,concrete,lawrence r moss & associates,california skateparks,,8am - 10pm,"16,000",,,yes,socalskateparks.com,http://www.socalskateparks.com/listing/riverside-jurupa-skatepark-riverside-county-skateparks.html,,"rails, pyramid, stairs, ledges, bowl, metal coping"
rocklin skatepark,3,concrete,wormhoudt inc.,wormhoudt inc.,1999,Dawn - One hour after Dusk,"8,000",,,,northwestskater.com,http://www.northwestskater.com/rocklin.html,,"rails, ledges, quarterpipes, pyramid"
maidu skatepark,2,concrete & prefabricated ramps,,,,,,,,,,,,"pyramud, rails, ledges"
28th & b skatepark,3,wood/masonite,,,,,,This is an indoor skatepark that costs money to skate.,,,,,,"bowl, quarterpipes, fun box, rails, metal coping"
robertson skatepark,2,prefabricated ramps,,,,,,,,,,,,"rails, pyramid, mini-ramp"
robla community skatepark,2,prefabricated ramps,,,,,,,,,,,,"quarterpipe, pyramid, ledge"
warren skatepark,2,prefabricated ramps,,,,,,,,,,,,"pyramid, quarterpipes, rails ledge, mini ramp"
wild rose skatepark,3,concrete,wormhoudt inc.,,2014,,,,,,,,,"snakerun, rails, ledges, quarterpipe"
winner's circle skatepark,2,prefabricated ramps,,,,,,,,,,,,quarterpipes
granite skatepark,4,concrete,california skateparks/wally hollyday,california skateparks/wally hollyday,,,"50,000",,,,,,,
mcclatchy skatepark,3,concrete,spohn ranch,spohn ranch,2014,,"7,000",,,,,,,"rails, ledges, quarterpipes"
tanzanite skatepark,2,concrete,wally hollyday,wally hollyday,2006,,"16,000",,,,,,,"rails, stairs, ledges, bowls"
baer skatepark,1,prefabricated ramps,,,,,,,,,,,,"quarterpipes, pyramid, ledge"
artivio guerrero park,2,concrete,spohn ranch,spohn ranch,2014,,"3,000",,,,,,,"curved rails, ledges, manual pad, quarterpipe"
orchard skatepark,1,prefabricated ramps,,,,,,,,,sk8parkatlas.com,http://www.sk8parkatlas.com/HiddenParkSAC.html,,"mini-ramp, pyramid"
regency community skatepark,1,prefabricated ramps,,,,,,,,,,,,"mini-ramp, pyramid"
reichmuth skatepark,2,prefabricated ramps,,,,,,,,,,,,"mini-ramp, pyramid"
salinas skatepark,2,concrete,wormhoudt inc.,wormhoudt inc.,1999,,"15,000",,,,,,,"quarterpipe, pyramid, rail, ledge"
blair skatepark,3,concrete,,,,,,,,,,,,"bowl, stairs, ledge, rails, pyramid, quarterpipe"
speicher park,1,prefabricated ramps,,,,,,,,,,,,
san clemente skatepark,3,concrete,,,,Dawn - Dusk,,,,,socalskateparks.com,http://www.socalskateparks.com/listing/san-clemente-skatepark-orange-county-skateparks.html,,"quarterpipe, rails, pyramid, ledges, metal coping"
mission valley ymca,4,concrete & wood/masonite,wally holliday/california skateparks/andy mcdonald,california skateparks,2001,Designated session times. Check with YMCA for details,"53,000",This is a private skatepark.  It costs money to skate and a helmet/pads are required  ,,,socalskateparks.com,http://www.socalskateparks.com/listing/mission-valley-ymca-krause-family-skatepark-san-diego-skateparks.html,,"bowls, vert ramp, quarterpipes, rails, ledges, metal coping, pool coping"
tierrasanta damato skatepark,1,concrete,,,,,,,,,northwestskater.com,http://www.northwestskater.com/sddamato.html,,"stairs, quarterpipes, ledges"
carmel valley skatepark,4,concrete,site design,,2008,10am - Dusk,"13,500",,,,northwestskater.com,http://www.northwestskater.com/sdcarmel.html,,"ledges, stairs, rail, bowl, quarterpipes, banks, metal coping, pool coping"
campland on the bay skatepark,2,concrete,,,,,,This is a private skatepark available only to those staying at the campground,,,Concrete Disciples,http://www.concretedisciples.com/component/content/article/58-usa-skateparks/21378-campland-on-the-bay-skatepark-san-diego-california-usa.html,,
salvation army kroc center skatepark,2,wood/masonite,,,,,,"This is a private, indoor skatepark. It costs money to skate and a helmet/pads are required.",,,skatin.it,http://skatin.it/kroc-centre-skatepark/,,
memorial skatepark,3,concrete,,,,,,,,,skatin.it,http://skatin.it/san-diego-memorial-skatepark/,,"quarterpipes, bowl, metal coping, pool coping"
rancho penasquitos,2,concrete,,,,10am - Dusk,"23,000",,,,,,,"hips, ledges, pyramids, stairs, rails, quarterpipes, spine, picnic table, metal coping"
washington street,5,concrete,,,,,,This is a DIY skatepark,,,,,,
robb field skatepark,3,concrete,site design,,2000,10am - Dusk,,,,,northwestskater.com,http://www.northwestskater.com/sandiegorobb.html,,"ledges, banks, hips, rails, quarterpipes, metal coping, pyramids"
charles l lewiss iii memorial skatepark,3,prefabricated ramps,,,,10am - Dusk,,,,,,,,"mini-ramp, ledges, pyramids, rails, quarterpipes, metal coping"
san dimas skatepark,2,concrete,purkiss rose,california skateparks,,7am - Dusk,"8,500",,,,socalskateparks.com,http://www.socalskateparks.com/listing/san-dimas-skatepark-los-angeles-county-skateparks.html,,"pyramid, ledges, rails, quarterpipe, spine, bowl, metal coping, euro gap"
balboa skatepark,3,wood/masonite,,,2012,,,,,,,,,"bowl, hips, quarterpipes, rail, ledges"
crocker amazon,3,concrete,,,,,,,,,,,,"pyramid, bowl, ledges, metal coping"
flower shop,4,concrete,,,,,,This is a DIY skatepark,,,,,,
potrero del sol skatepark,4,concrete,dreamland,dreamland,2009,lights til 9pm,"16,000",,,yes,,,,"bowl, pyramid, quarterpipes, tombstone, rail, ledges, euro-gap, noping, metal coping, pool coping"
soma skatepark,4,concrete,new line,"trinet construction, inc.",2014,9am - 9pm,,,,yes,,,,"rails, ledges, stairs, pyramid, quarterpipes, banks, metal coping"
rosa parks skate plaza,4,concrete,,,2016,,,,,,,,,
great oaks,2,concrete,,,,,,,,,,,,"rails, ledges, pyramid, quarterpipes, fun box, stairs, metal coping"
lake cunningham regional skatepark,4,concrete,wormhoudt inc.,california skateparks,2008,,"67,000","This skatepark costs money to skate and a helmet/pads are required. To get there, enter Lake Cunningham Park from the south entrance on Tully Rd and take a right on Park Rd",,,,,,"bowls, fullpipe, cradle, pyramids, rails, wallride, rails, stairs, euro-gap, ledges, metal coping, pool coping"
mayfair park,3,concrete,site design,,,Dawn - Dusk,"10,000",,,,,,,"stairs, ledges, rails, pyramids, wallride, fun box, quarterpipes, metal coping"
plata arroyo,2,concrete,,,,,,,,,,,,"stairs, rails, ledges, pyramids, bowls, quarterpipes, metal coping"
roosevelt park,3,concrete,,,,,,,,,,,,"bowl, ledges, stairs, quarterpipes, euro gap, pool coping, metal coping"
stonegate park,3,concrete,,,,,,,,,,,,"quarteripes, pyramid, rail, ledges, metal coping"
thrasher park,2,concrete,,,,,,,,,,,,"quarteripes, pyramid, ledge, metal coping"
jack holland sr. park,2,concrete,,,2011,,,,,,,,,"ledges, stairs, rail, bank, pyramid"
arroyo skate park,2,prefabricated ramps,,,,,,,,,,,,"quarterpipe, stairs, pyramid rails"
santa rosa skatepark,4,concrete,wormhoudt inc.,,2015,,"15,000",,,,,,,"pyramid, banks, stairs, rails, ledges, bowls, metal coping, pool coping"
hollandia park,2,concrete & prefabricated ramps,,,,,,,,yes,socalskateparks.com,http://www.socalskateparks.com/listing/san-marcos-skatepark-san-diego-skateparks.html,,"pyramid, rails, ledges, quarterpipes, metal coping"
shoreview skatepark,2,concrete,,,,,,,,,,,,"ledges, rails, fun box"
beresford skatepark,2,concrete,,,,,,,,,,,,
channel street,5,concrete,,,2004,Dawn - Dusk,,This is a DIY skatepark,,,socalskateparks.com,http://www.socalskateparks.com/listing/channel-st-skatepark-san-pedro-los-angeles-skateparks.html,,"bowls, pool coping, metal coping"
peck park skatepark,4,concrete,california skateparks,california skateparks,2014,,"10,757",,,,California Skateparks,http://californiaskateparks.com/skatepark-design-and-construction-portfolio/?n=Peck+Park+Skate+Park&projectID=325,,
mcinnis skatepark,3,concrete,kevin j. thatcher,ghilotti bros.,2004,9am - Dusk,"25,000",,,,,,,"bowls, wallrides, rails, ledges, stairs, metal coping"
sanger skatepark,3,concrete,wormhoudt inc.,,2010,,"20,000",,,,,,,
santa ana skatepark,3,concrete,,,,7am - Dusk,,,,,,,,
skater's point skatepark,3,concrete,,,2000,8am - Dusk,"14,600",,,,skatin.it,http://skatin.it/santa-barbara-skatepark/,,
santa clara skatepark,2,,,,,,,,,,,,,
santa clarita skatepark,3,concrete,site design,california skateparks,,,"40,000","BMX bike riding is allowed here. As a result, much of the coping on the quarterpipes is damaged.",,,,,,
derby park,4,concrete,ken wormhoudt inc.,,1976,Dawn - Dusk,"4,000",This skatepark was resurfaced in 2012,,,,,,
mike fox park skatepark,4,concrete,wormhoudt inc.,wormhoudt inc.,2007,9am - Dusk,"15,000",,,,skatin.it,http://skatin.it/santa-cruz-skatepark/,,"rails, ledges, bowls, fullpipe, euro gap, banks, stairs, pool coping, metal coping"
jose avenue skatepark,2,concrete,,,,,,,,,,,,
fletcher park,2,prefabricated ramps,,,,,,,,,northwestskater.com,http://www.northwestskater.com/santamariacafletch.html,,"miniramp, rails, pyramid, quarterpipes, metal coping"
ymca,2,prefabricated ramps,,,,,,This is a private skatepark that costs money to skate and requires a helmet/pads. There are designated session times.,,,northwestskater.com,http://www.northwestskater.com/santamariaca.html,,"miniramp, quarterpipes, pyramid, ledges, rails, stairs, metal coping"
one way board shop,3,wood/masonite,,,2013,,,"This is a private, indoor skatepark.  It costs money to skate and a helmet/pads are required.",,,,,,
the cove skatepark,4,concrete,california skateparks,california skateparks,2005,,"20,000","This skatepark has designated session times, including BMX sessions",,,northwestskater.com,http://www.northwestskater.com/thecove.html,,
west la courthouse,4,concrete,,,,,,,,,,,,
santa paula skatepark,3,concrete,,,,,,,,,,,,"pyramid, bowl, quarterpipes, ledges, rails, stairs, metal coping, pool coping"
santa rosa skatepark,2,concrete,,,,,,,,,skatin.it,http://skatin.it/santa-rosa-skatepark/,,
santee skatepark,3,concrete,,,,This skatepark has odd hours with designated BMX sessions.  Check with the city for details.,,,,,northwestskater.com,http://www.northwestskater.com/santee.html,,"rails, ledges, stairs, quarterpipes, pyramid, metal coping"
tim brauch memorial skatepark,4,concrete,wormhoudt inc.,wormhoudt inc.,2004,7am - Dusk,"20,000",,,,northwestskater.com,http://www.northwestskater.com/scottsvalley.html,,"bowl, ledges, rail, pyramid, banks, pool coping, metal coping"
laguna skategarden,4,concrete,wormhoudt inc.,,2008,,"15,000",There is a police station nearby and police have been known to give tickets if you don't have a helmet,,,northwestskater.com,http://northwestskater.com/sebastopol.html,,
berry park,3,concrete,site design,california skateparks,2006,,"7,600",,,,California Skateparks,http://californiaskateparks.com/skatepark-design-and-construction-portfolio/?n=Berry+Park+Skate+Park&projectID=99,,
shafter skatepark,1,prefabricated ramps,,,,,,,,,,,,"quarterpipes, pyramid, rails, ledge, metal coping"
shasta lake,2,concrete,,,,,,,,,,,,"pyramid, quarterpipes, ledges, metal coping"
skatelab,4,wood/masonite,team pain,,1997,Designated session times. Check with Skatelab for details.,,"This is a private, indoor skatepark. It costs money to skate and a helmet/pads are required.",,,,,,"bowl, banks, quarterpipes, ledges, rails, stairs, metal coping"
woodward tahoe,3,concrete & wood/masonite,california skateparks,california skateparks,,,"15,000",This is a private skatepark that costs money to skate. Check with Woodward for details.,,,,,,"quarterpipes, rails, ledges, gap, doorway"
soledad skatepark,1,prefabricated ramps,,,,,,,,,,,,
hans christian anderson park,3,concrete,california skateparks,california skateparks,2005,,"14,000",,,,northwestskater.com,http://www.northwestskater.com/solvang.html,,
sonoma skatepark,2,concrete,,,,,,,,,,,,"bowls, quarterpipes, metal coping, rail, stairs"
sonora skatepark,2,concrete,,,,Dawn - Dusk,,,,,Concrete Disciples,http://www.concretedisciples.com/index.php/skatepark/usa/northern-california/19544-sonora-skatepark-sonora-california-usa,,"quarterpipes, rails, pyramid, ledges"
south gate skatepark,2,concrete,,,,,,,,,,,,"rails, stairs, ledges, quarterpipes, pyramid, spine, metal coping"
bijou skatepark,3,concrete,,,,,,,,,coskate.com,http://www.coskate.com/SkatePark.aspx?Park=CATahoe,,"quarterpipes, pyramid, rail"
skate house skatepark,3,wood/masonite,,,,,,"This is a private, indoor skatepark.  It costs money to skate and a helmet/pads are required.",,,,,,"bowl, pool coping, metal coping"
south pasadena skatepark,2,prefabricated ramps,,,,This skatepark has odd hours.  Check with the city for details.,,,,,,,,"pyramid, rail, mini ramp, quarterpipes, bank"
st. helena skatepark,5,concrete,grindline,grindline,2009,8am - Dusk,"18,000",,,,skatin.it,http://skatin.it/st-helena-skatepark/,,"bowls, rails, ledges, quarterpipes, metal coping, pool coping"
anderson park,2,concrete,,,2000,,,,,,northwestskater.com,http://www.northwestskater.com/stockton.html,,
sheldon skatepark,3,concrete,california skateparks,california skateparks,2014,,"25,000",,,,California Skateparks,http://californiaskateparks.com/skatepark-design-and-construction-portfolio/?n=Sheldon+Skate+Park&projectID=320,,"rails, stairs, ledges, quarterpipes"
pink motel,3,concrete,,,,,,This is not a public skatepark,,,,,,pool
sunnyvale skatepark,4,concrete,wormhoudt inc.,wormhoudt inc.,2003,7am - Dusk,"18,000",,,,northwestskater.com,http://www.northwestskater.com/sunnyvale.html,,"stairs, ledge, rails, bowls, metal coping, pool coping"
taft skatepark,3,concrete,,,,Dawn - 10pm,"12,000",,,yes,,,,"stairs, ledges, rails, quarterpipes, metal coping"
camp woodward west,4,concrete & wood/masonite,,,,,,This is not a public skatepark,,,,,,"rail, quarterpipes, hips, ledges"
ollie mountain,2,wood/masonite,,,,This skatepark has odd hours.  Check with the city for details,"11,000",,,,Concrete Disciples,http://www.concretedisciples.com/component/content/article/58-usa-skateparks/21890-ollie-mountain-skatepark-tehachapi-california-usa.html,,"pyramid, rails, ledges, mini ramp, quarterpipes, metal coping"
ronald reagan sports park,2,concrete,,,,This skatepark has odd hours.,,This skatepark costs money to skate (more if you are from out of town) and requires a helmet/pads.,,yes,socalskateparks.com,http://www.socalskateparks.com/listing/temecula-skatepark-riverside-county-skateparks.html,,"stairs, ledges, pyramids, hips, quarterpipes, metal coping"
templeton skatepark,3,concrete,,,,8am - Dusk,,,,,northwestskater.com,http://www.northwestskater.com/templetonca.html,,"ledges, pyramids, quarterpipes, quarterpipes, bowl, rail, metal coping"
borchard skatepark,2,concrete,,,2009,,"9,000",This park has designated scooter and bike sessions,,,northwestskater.com,http://www.northwestskater.com/newburyparkca.html,,
el pescadero skate track,2,concrete,,,,,,,,,,,,"pyramid, ledges, quarterpipes, metal cpoing"
truckee skatepark,3,concrete,,,,,,,,,northwestskater.com,http://www.northwestskater.com/truckee.html,,"bowl, pyramids, ledges, metal coping"
tulare skatepark,4,concrete,wally holliday,california skateparks,2008,,"25,000",,,,California Skateparks,http://californiaskateparks.com/skatepark-design-and-construction-portfolio/?n=Tulare+Skate+Park&projectID=102,,"rails, ledges, stairs, pyramid, bowls, metal coping"
twentynine palms skatepark,2,concrete & prefabricated ramps,,,,,,,,,Concrete Disciples,http://www.concretedisciples.com/component/content/article/174-global-skatepark-directory/usa-skateparks/southern-california/18912-luckie-skatepark-twentynine-palms-california-usa,,"rails, stairs, ledges, pyramids, quarterpipes"
ukiah skatepark,4,concrete,wormhoudt inc.,wormhoudt inc.,2011,,"20,000",,,,,,,"stairs, rails, ledges, banks, pyramid, quarterpipes, bowls, metal coping, pool coping"
union city skatepark,3,concrete,,,,,,This skatepark is located right next to a police station,,,,,,"rails, stairs, ledges, quarterpipes, metal coping"
upland skatepark,4,concrete,purkiss rose,california skateparks,2002,"Sun-Th: 10am - 9pm, F-Sat: 10am-10pm","13,000",,,yes,northwestskater.com,http://www.northwestskater.com/upland.html,,"rails, ledges, stairs, banks, bowl, fullpipe, metal coping"
vacaville skatepark,2,concrete,,,,,,,,,,,,"rail, ledges, banks, quarterpipes, metal coping"
wardlaw skatepark,3,concrete & prefabricated ramps,site design,,,Dawn - Dusk,"6,884",,,,,,,"miniramp, pyramid, rails, bowl, quarterpipes, metal coping"
valley center skate spot,4,concrete,,,,,,This is a DIY skatepark.  The park is located at the end of a long driveway behind the parks & rec building off Lilac Rd,,,,,,"quarterpipes, barrier, spine, rail, ledges, pole jam, metal coping, pool coping"
vandenberg air force base skatepark,2,concrete,california skateparks,california skateparks,,,"7,000",,,,,,,
hobert,2,concrete,,,,,,,,,northwestskater.com,http://www.northwestskater.com/venturahobertca.html,,"bowl, wallride, rail"
pacific,1,concrete,,,,,,,,,northwestskater.com,http://www.northwestskater.com/venturapacificca.html,,"bowl, ledges"
westpark,2,concrete,,,,,,,,,northwestskater.com,http://www.northwestskater.com/venturawestca.html,,"bowl, ledges, wallride, fun box, rail"
provident skatepark,3,concrete,,,,6am - 10pm,"24,000",,,yes,,,,"pyramid, bowl, ledges, rail, quarterpipes, hips, banks, metal coping"
aura skatepark,4,wood/masonite,jim bell,jim bell,2007,,,,,yes,,,,"bowl, quartperipes, pyramid, quarterpipes, rails, ledges, metal coping, pool coping"
walnut creek skatepark,3,concrete,,,,Lights til 9pm,,,,yes,,,,"pyramid, stairs, ledges, rail, bowl, quarterpipes, metal coping"
wasco skatepark,2,concrete,,,,,,,,,,,,
ramsay park,2,prefabricated ramps,,,,,,,,,,,,"miniramp, pyramid, rails, spine, metal coping"
weed skatepark,3,concrete,,,,,,,,,,,,"bowl, ledges, rail, lumps, quarterpipes"
orangewood skatepark,3,concrete,,,,,,,,yes,socalskateparks.com,http://www.socalskateparks.com/listing/west-covina-skatepark-los-angeles-skateparks.html,,"pyramids, rails, ledges, quarterpipes, stairs, double set, metal coping"
westlake village skatepark,3,concrete,spohn ranch,spohn ranch,2015,,"6,500",,,,northwestskater.com,http://www.northwestskater.com/westlakevillageca.html,,"bowl, quarterpipes, hips, gap, ledges, rails, metal coping"
liberty skatepark,3,concrete,purkiss rose,california skateparks,,Dawn - Dusk,"10,000",,,,socalskateparks.com,http://www.socalskateparks.com/listing/westminster-skatepark-orange-county-skateparks.html,,
whittier skatepark,3,concrete,purkiss rose,california skateparks,,,"9,000",,,,socalskateparks.com,http://www.socalskateparks.com/listing/whittier-skatepark-los-angeles-skateparks.html,,
willits skatepark,4,concrete,wormhoudt inc.,wormhoudt inc.,2004,,"18,500",,,,,,,"stairs, rails, ledges, quarterpipes, metal coping"
pat elsbree skatepark,3,concrete,wormhoudt inc.,wormhoudt inc.,2003,8:30am - Dusk,"15,000",,,,sk8parkatlas.com,http://www.sk8parkatlas.com/WindsorSkatepark.html,,"rail, pyramid, ledges, bowl quarterpipes, metal coping"
yreka skatepark,1,prefabricated ramps,,,,9am - Dusk,,,,,,,,
yuba city skatepark,3,concrete,wormhoudt inc.,wormhoudt inc.,1996,,"14,000",,,yes,Concrete Disciples,http://www.concretedisciples.com/index.php/skatepark/usa/northern-california/19622-yuba-city-skatepark-yuba-city-california-usa,,"quarterpipes, taco, fun box, stairs, bowl"
church of glad tidings skatepark,3,concrete,site design,,,,"12,000",,,,,,,
yucaipa skatepark,2,concrete,,pacific tennis courts,,,,,,,,,,"rails, quarterpipes, ledges, pyramids, metal coping"
yucca valley skatepark,1,concrete,,,,,,,,,,,,
adams skatepark,3,concrete,dreamland,dreamland,2006,8am - Dusk,"2,500",,,,northwestskater.com,http://www.northwestskater.com/adams.html,,
albany skatepark,3,concrete,eric dawkins & great american skateparks,eric dawkins & great american skateparks,1999,,"15,000",,,,sk8parkatlas.com,http://www.sk8parkatlas.com/AlbanyOR.html,,
ashland skatepark,3,concrete,eric dawkins & great american skateparks,eric dawkins & great american skateparks,1999,,"15,000",,,,,,,
tapiola park,5,concrete,dreamland,dreamland,2001,Dawn - Dusk,"11,000",,,,,,,
athena skatepark,1,concrete,,,,,"4,000",,,,,,,
brian haney memorial skatepark,5,concrete,dreamland,dreamland,2000,24 Hours,"8,000",,,yes,Dreamland,http://www.dreamlandskateparks.com/oregon,,
sam-o skate park,2,concrete,city of baker city,,,,"6,000",,,,northwestskater.com,http://www.northwestskater.com/bakercity.html,,
bay city skatepark,3,concrete,dreamland,dreamland,2007,,"6,000",,,,Dreamland,http://www.dreamlandskateparks.com/oregon,,
evelyn schiffler park,3,concrete,dreamland,dreamland,2012,,"4,500",,,,Dreamland,http://www.dreamlandskateparks.com/oregon,,
tualatin hills park,3,concrete,grindline,grindline,1998,,"18,000",This skatepark received a revamp from Grindline in 2008,,,,,,
ponderosa skatepark,2,concrete,wormhoudt inc.,wormhoudt inc.,1997,Dawn - Dusk,"11,500",,,,northwestskater.com,http://www.northwestskater.com/bendold.html,,
ponderosa skatepark #2,4,concrete,spohn ranch,spohn ranch,2014,Dawn - Dusk,"9,000",,,,Spohn Ranch,http://www.spohnranch.com/portfolio/ponderosa-park-skatepark/,,
boardman skatepark,2,prefabricated ramps,,,,,,,,,,,,
bud cross skatepark,4,concrete,dreamland,dreamland,2001,,"10,000",,,,,,,
hines skatepark,1,wood/masonite,,,,,,,,,,,,
canby skatepark,2,concrete,,buzzy morales construction,,,"11,000",,,,,,,
cannon beach skatepark,3,concrete,placed to ride,placed to ride,2008,,"6,000",,,,Skate and Annoy,http://skateandannoy.com/blog/2008/09/cannon-beach-skatepark/,,
jubilee park,3,concrete,grindline,grindline,2014,,,,,,,,,
joel tanzi skatepark,2,concrete,purkiss rose,purkiss rose,2005,,"6,500",,,,sk8parkatlas.com,http://www.sk8parkatlas.com/CentralPointOR.html,,
d-block indoor skatepark,3,wood/masonite,,,,,,"This is a private, indoor skatepark.  It costs money to skate and a helmet/pads are required if you are under 18",,,,,,
clatskanie skatepark,2,concrete,,,,,"10,000",This skatepark requires a helmet/pads to skate,,,,,,
mingus park,4,concrete,liquid stone designs,liquid stone designs,2009,,"8,000",,,,,,,
corbett skatepark,1,concrete,,,,,,Don't bother,,,,,,
eric scott mckinley skatepark,2,concrete,,buzzy morales construction,2000,8am - 10pm,"14,000",,,,,,,
cottage grove skatepark,1,concrete,,,2004,,"5,000",,,,,,,
dallas skatepark,3,concrete,,,,,,,,,Concrete Disciples,http://www.concretedisciples.com/index.php?option=com_content&view=article&id=19251:east-dallas-community-skatepark-dallas-oregon-usa&catid=207&Itemid=538,,
donald skatepark,4,concrete,dreamland,dreamland,2001,,"2,500",,,,Dreamland,http://www.dreamlandskateparks.com/oregon,,
echo skatepark,3,concrete,grindline,grindline,,9am - 8pm,,,,,,,,
enterprise skatepark,1,prefabricated ramps,,,,,,,,,,,,
wade creek park,4,concrete,dreamland,dreamland,2012,,"10,000",,,,northwestskater.com,http://www.northwestskater.com/estacada.html,,
amazon park,1,concrete,,,1991,,,,,,northwestskater.com,http://www.northwestskater.com/eugeneamazon.html,,
bethel skatepark,3,concrete,airspeed skateparks,airspeed skateparks,2002,,"8,000",,,,northwestskater.com,http://www.northwestskater.com/eugenebethel.html,,
cal young park,2,concrete,,,2001,,"6,000",,,,northwestskater.com,http://www.northwestskater.com/eugenecalyoung.html,,
churchil skatepark,3,concrete,eric dawkins & great american skateparks,eric dawkins & great american skateparks,2000,,"8,500",,,,northwestskater.com,http://www.northwestskater.com/eugenechurchill.html,,
emerald skatepark,2,concrete,,,,One Hour Before Dawn - One Hour After Dusk,"5,000",,,,northwestskater.com,http://www.northwestskater.com/eugeneemerald.html,,
trainsong skatepark,1,prefabricated ramps,,,2003,,"4,000",,,,,,,
washington jefferson skatepark,5,concrete,dreamland,dreamland,2014,6am - 1am,"23,000",,,yes,Dreamland,http://www.dreamlandskateparks.com/oregon,,
miller park,4,concrete,airspeed skateparks,airspeed skateparks,2004,,"12,000",,,,northwestskater.com,http://www.northwestskater.com/florence.html,,
lincoln park,3,concrete,site design,,2004,9am - One Hour After Dusk,"18,000",,,,,,,
bullfrog skate park,3,concrete,liquid stone designs,liquid stone designs,,,"25,000",,,,,,,
gold hill skatepark,3,concrete,dreamland,dreamland,2013,,"4,450",,,,Dreamland,http://www.dreamlandskateparks.com/oregon,,
grants pass skatepark,3,concrete,eric dawkins & great american skateparks,eric dawkins & great american skateparks,2001,7:30am - 10pm,"21,000",,,,northwestskater.com,http://www.northwestskater.com/grantspass.html,,
main city skatepark,3,concrete,dreamland,dreamland,2009,,"6,660",,,yes,Dreamland,http://www.dreamlandskateparks.com/oregon,,
gresham skatepark,1,concrete,,,1996,,"2,800",,,,,,,
happy valley skatepark,3,concrete,evergreen,evergreen,2013,,"4,500",,,,Evergreen,http://evergreenskateparks.com/happy-valley-oregon-#/id/i5437799,,
harrisburg skatepark,3,concrete,dreamland,dreamland,2008,,"10,000",BMXers have damaged much of the coping,,yes,Dreamland,http://www.dreamlandskateparks.com/oregon,,
hermiston skatepark,3,concrete,dreamland,dreamland,,,,,,,northwestskater.com,http://www.northwestskater.com/hermiston.html,,
reedville park,2,concrete,site design,corp inc,,,"12,000",,,,,,,
hood river skatepark,5,concrete,dreamland,dreamland,2002,,,,,,northwestskater.com,http://www.northwestskater.com/hoodriver.html,,
barendse park,1,prefabricated ramps,,,2002,,"3,000",,,,,,,
don baxter skatepark,4,concrete,grindline,grindline,2007,,"8,000",,,yes,,,,
jacksonville skatepark,4,concrete,grindline,grindline,,,,,,,,,,
smokey gibson memorial park,2,prefabricated ramps,,,2007,,"6,000",,,,,,,
junction city skatepark,3,concrete,spohn ranch,spohn ranch,2012,,"1,500",,,,Spohn Ranch,http://www.spohnranch.com/portfolio/junction-city-skatepark/,,
carlson skatepark,2,concrete,city/labor union,union labor,1999,,"21,600",,,,,,,
klamath falls skatepark,5,concrete,dreamland,dreamland,2003,,"22,000",,,,,,,
pioneer park,3,concrete,,corp inc,,,"15,000",,,,,,,
kirtsis skatepark,5,concrete,dreamland,dreamland,,,"2,000",,,,Dreamland,http://www.dreamlandskateparks.com/oregon,,
madras skatepark,3,concrete,dreamland,dreamland,2005,,"10,000",,,,Dreamland,http://www.dreamlandskateparks.com/oregon,,
joe dancer park,4,concrete,dreamland,dreamland,2005,Dawn - Dusk,"7,500",,,,Dreamland,http://www.dreamlandskateparks.com/oregon,,
bear creek saktepark,3,concrete,eric dawkins & great american skateparks,eric dawkins & great american skateparks,2000,,"24,000",,,,northwestskater.com,http://www.northwestskater.com/medford.html,,
milton freewater skatepark,2,concrete,dreamland,dreamland,2004,,"1,900",,,yes,,,,
molalla skatepark,2,concrete,selena de la cruz & army corp of engineers,selena de la cruz & army corp of engineers,,,"7,600",,,,skateoregon.com,http://www.skateoregon.com/Molalla/Molalla.html,,
monmouth (independence) skatepark,2,wood/masonite,volunteers & community,,2002,1 Hour Before Dawn - 1 Hour After Dusk,"4,000",,,,,,,
millsite park,4,concrete,grindline,grindline,2008,9am - Dusk,"8,500",,,,northwestskater.com,http://www.northwestskater.com/mc.html,,
myrtle point skatepark,3,concrete,eric dawkins & crow clay & associates,upper valley builders,2001,,"10,000",,,,skateoregon.com,http://www.skateoregon.com/MyrtlePoint/MyrtlePoint.html,,
nehalem skatepark,,wood/masonite,,,,,"2,000",,,,skateoregon.com,http://www.skateoregon.com/Nehalem/Nehalem.html,,
ewing young park,5,concrete,dreamland,dreamland,2000,Dawn - Dusk,"29,000",,,,Dreamland,http://www.dreamlandskateparks.com/oregon,,
newport skatepark,3,concrete,airspeed skateparks,airspeed skateparks,,,"6,500",,,,,,,
wayne c king memorial skatepark,2,prefabricated ramps,,,,,,,,,,,,
clackamette skatepark,2,concrete,purkiss rose,robert johnson,2001,,"10,000",,,,northwestskater.com,http://www.northwestskater.com/oregoncity.html,,
rudy rada skatepark,4,concrete,dreamland,dreamland,2008,,"11,000",,,yes,Dreamland,http://www.dreamlandskateparks.com/oregon,,
philomath skatepark,2,concrete,,,2005,,"6,000",,,,skateoregon.com,http://www.skateoregon.com/Philomath/Philomath.html,,
buffington park,3,concrete,dreamland,dreamland,2002,,"6,200",,,,Dreamland,http://www.dreamlandskateparks.com/oregon,,
alberta/khunamokwst skate spot,3,concrete,evergreen,evergreen,2015,,,,,,,,,
commonwealth skatepark,3,concrete,evergreen,evergreen,2011,,,"This is a private, indoor skatepark. There are designated session times, it costs money to skate, and a helmet/pads may be required.",,,Commonwealth Skateboarding,http://commonwealthskateboarding.com/,,
burnside,5,concrete,,,1993,,,,,,,,,
ed benedict skate plaza,3,concrete,new line skateparks,california skateparks,,,"16,000",,,,,,,
gabriel park,3,concrete,airspeed skateparks,airspeed skateparks,,Dawn - Dusk,"10,000",,,,northwestskater.com,http://www.northwestskater.com/gabriel.html,,
glenhaven,4,concrete,dreamland,dreamland,2007,,"11,200",,,,Dreamland,http://www.dreamlandskateparks.com/oregon,,
holly farm,3,concrete,dreamland,dreamland,2007,,"2,800",,,,Dreamland,http://www.dreamlandskateparks.com/oregon,,
pier park,4,concrete,dreamland,dreamland,2006,,"11,070",,,,,,,
jim griffith memorial skatepark,4,concrete,dreamland,dreamland,2007,Dawn - Dusk,"15,000",,,,Dreamland,http://www.dreamlandskateparks.com/oregon,,
prineville skatepark,1,steel ramps,,,,,"3,000",,,,,,,
rainier skatepark,1,prefabricated ramps,,,,,"3,000",,,,,,,
redmond skatepark,4,concrete,dreamland,dreamland,2001,,"8,000",,,,northwestskater.com,http://www.northwestskater.com/redmondor.html,,
reedsport skatepark,4,concrete,airspeed skateparks,airspeed skateparks,2003,Dawn - Dusk,"13,000",,,,,,,
stewart park,3,concrete,eric dawkins & great american skateparks,eric dawkins & great american skateparks,2000,,"8,000",Located behind the Fred Meyer and the end of Duck Pond St.,,,,,,
marion square park,2,concrete,,,,,,,,,,,,
sandy skatepark,2,concrete,city of sandy,stagl construction & carlson construction,2000,Dawn - Dusk,"10,000",,,,,,,
scappoose skatepark,3,concrete,grindline,grindline,1999,,"2,000","Originally built by Buzzy Morales construction, this park received a makeover by Grindline in 2013",,,,,,
skate 'n' ride park,3,concrete,placed to ride,placed to ride,2007,,"11,000",,,,northwestskater.com,http://www.northwestskater.com/seaside.html,,
wayne potter memorial skatepark,2,concrete,,,1997,,"10,000",,,,northwestskater.com,http://www.northwestskater.com/sheridanOR.html,,
siletz skatepark,3,concrete,lrm & associates,alltech,2002,,"10,000",,,,skateoregon.com,http://www.skateoregon.com/Siletz/Siletz.html,,
silverton skatepark,4,concrete,dreamland,dreamland,2013,,"8,500",,,,Dreamland,http://www.dreamlandskateparks.com/oregon,,
sisters skatepark,4,concrete,liquid stone designs,,2013,,,"The skatepark is located on McKinney Butte Rd, east of the high school and behind the parks and recreation building.",,,northwestskater.com,http://www.northwestskater.com/sisters.html,,
willamalane skatepark,2,concrete,purkiss rose,,2003,6am - 10pm,"11,500",,,,northwestskater.com,http://www.northwestskater.com/springfieldwilliam.html,,
mccormick park,2,concrete,tony gembeck,tony gembeck,1999,,"12,000",,,,skateoregon.com,http://www.skateoregon.com/StHelens/StHelens.html,,
sweet home skatepark,1,prefabricated ramps,,,,,,,,,,,,
old town skatepark,3,concrete,airspeed skateparks,airspeed skateparks,1998,,"12,000",,,,northwestskater.com,http://www.northwestskater.com/talent.html,,
thompson park skatepark,3,concrete,spohn ranch,spohn ranch,2011,,"7,500",,,,Spohn Ranch,http://www.spohnranch.com/portfolio/thompson-park-skatepark/,,
toledo skatepark,3,concrete,airspeed skateparks,airspeed skateparks,,Dawn - Dusk,"10,000",,,,northwestskater.com,http://www.northwestskater.com/toledo.html,,
tualatin skatepark,3,concrete,purkiss rose,,,Dawn - Dusk,,,,,northwestskater.com,http://www.northwestskater.com/tualatinor.html,,
territorial park,3,concrete,,,2002,Dawn - Dusk,"8,000",,,,,,,
waldport skatepark,3,concrete,airspeed skateparks,airspeed skateparks,2003,7am - Dusk,"6,500",,,,northwestskater.com,http://www.northwestskater.com/waldport.html,,
robinwood,1,concrete,placed to ride,,,,,,,,northwestskater.com,http://www.northwestskater.com/wlrob.html,,
west linn skatepark,5,concrete,grindline,grindline,2002,,"14,000",,,,negativeion.com,http://www.negativeion.com/sickness/parks/lmnop/westLinn.html,,
white city skatepark,3,concrete,eric dawkins & great american skateparks,eric dawkins & great american skateparks,2004,,,,,,skateoregon.com,http://www.skateoregon.com/WhiteCity/WhiteCity-overview.jpg,,
oaken hills memorial park,1,prefabricated ramps,,,,,"3,000",,,,,,,
wilsonville skatepark,1,prefabricated ramps,,,1999,,"6,000",,,,,,,
riverbend park,4,concrete,dreamland,dreamland,2009,,"11,000",,,,earthpatrolmedia.com,http://www.earthpatrolmedia.com/wordpress/wp-content/uploads/2009/02/spine_winston.jpg,,
richard jennings skatepark,3,concrete,purkiss rose,corp inc,2003,,"12,000",,,,northwestskater.com,http://www.northwestskater.com/woodburnor.html,,
aberdeen skatepark,2,concrete,,,,Dawn - Dusk,,,,,,,,
airway heights skatepark,1,prefabricated ramps,,,,,,,,,,,,
ben root satepark,2,concrete,,,,,,,,,northwestskater.com,http://www.northwestskater.com/anacortes.html,,
arlington skatepark,4,concrete,grindline,grindline,2005,,"8,500",,,,northwestskater.com,http://www.northwestskater.com/arlington.html,,
auburn skatepark,2,concrete,,,1999,,,,,,,,,
sunset park,2,prefabricated ramps,,,,,,,,,,,,
muckleshoot reservation skatepark,4,concrete,grindline,grindline,2011,9am - 9pm,"7,000",,,,northwestskater.com,http://www.northwestskater.com/muckleshoot.html,,
bainbridge island skatepark,4,concrete,grindline,grindline,2001,,"12,000",,,,,,,
battleground park,5,concrete,dreamland/grindline,dreamland/grindline,2005,5am - 11pm,"27,000",,,yes,Dreamland,http://www.dreamlandskateparks.com/washington,,
bellevue indoor skatepark,2,wood/masonite,,,,"This is a private, indoor skatepark.  It costs money to skate and a helmet/pads are required.",,,,,,,,
crossroads park,4,concrete,grindline,grindline,2006,,"5,000",,,,,,,
highland center skate plaza,4,concrete,grindline,grindline,2008,,"15,000",,,,northwestskater.com,http://www.northwestskater.com/bellhighland.html,,
lakemont skate court,2,concrete,,,,Dawn - Dusk,,The skatepark is located on the other side of a field in Lakemont Park off of Village Park Dr SE. ,,,northwestskater.com,http://www.northwestskater.com/lakemont.html,,
bellingham skatepark,4,concrete,dreamland/grindline,dreamland/grindline,2004,,"10,000",,,,northwestskater.com,http://www.northwestskater.com/bellingham.html,,
daubenspeck park,4,concrete,grindline,grindline,2011,5am - 10pm,"6,000",,,,northwestskater.com,http://www.northwestskater.com/bingen.html,,
black diamond skatepark,2,prefabricated ramps,,,,9am - Dusk,,,,,northwestskater.com,http://www.northwestskater.com/blackdiamond.html,,
blaine skatepark,2,prefabricated ramps,,,,,,,,,Concrete Disciples,http://www.concretedisciples.com/component/content/article/58-usa-skateparks/20326-blaine-skatepark-blaine-washington-usa.html,,
bonney lake skatepark,2,concrete,,,,,,,,,,,,
bremerton skatepark,2,concrete,miles yanik & company,tom sahli construction,2005,,"10,000",,,,northwestskater.com,http://www.northwestskater.com/bremerton.html,,
naval base bremerton skatepark,2,prefabricated ramps,,,,Dawn - Dusk,,This park may not be open to the public,,,,,,
brier skatepark,2,concrete,,,,Dawn - Dusk,,,,,northwestskater.com,http://www.northwestskater.com/brierwa.html,,
buckley skatepark,2,prefabricated ramps,,,,,,,,,,,,
burien skatepark,3,concrete,purkiss rose,,,8am - Dusk,,,,,northwestskater.com,http://www.northwestskater.com/burien.html,,
burlington skatepark,3,concrete,,,,8am - 9pm,,,,,northwestskater.com,http://www.northwestskater.com/burlington.html,,
camas/washougal skatepark,1,concrete/prefabricated ramps,,,,,"12,500",,,,,,,
carnation skatepark,4,concrete,grindline,grindline,2004,,"5,000","The skatepark is located in the south side of Valley Memorial Park, just north of Tolt Middle School",,,negativeion.com,http://www.negativeion.com/sickness/parks/qthruz/carnation.html,,
castle rock skatepark,1,prefabricated ramps,,,,Dawn - Dusk,,Don't bother,,,,,,
fuller's twin city skate park,2,prefabricated ramps & concrete,,,,8am - 9:30pm,,,,,northwestskater.com,http://www.northwestskater.com/centralia.html,,
lake chelan skatepark,2,prefabricated ramps,,,,,,,,,northwestskater.com,http://www.northwestskater.com/chelan.html,,
chewelah skatepark,1,prefabricated ramps,,,,,,,,,,,,
clarkston skatepark,3,concrete,,,,7am - Dusk,,,,,northwestskater.com,http://www.northwestskater.com/clarkston.html,,
cle elum skatepark,2,prefabricated ramps,,,,,,,,,,,,
colfax skate park,2,prefabricated ramps,,,,,,,,,,,,
164th avenue skate court,2,prefabricated ramps,,,,,,,,,northwestskater.com,http://www.northwestskater.com/covington.html,,
cusick skatepark,4,concrete,dreamland,dreamland,2006,,"9,000",,,,Dreamland,http://www.dreamlandskateparks.com/washington,,
deer park,2,prefabricated ramps,,,,,,,,,,,,
des moines skatepark,2,concrete,,,,8am - Dusk,,,,,northwestskater.com,http://www.northwestskater.com/desmoines.html,,
duvall skatepark,3,concrete,grindline,grindline,2007,Dawn - Dusk,"6,000",,,,negativeion.com,http://www.negativeion.com/sickness/parks/qthruz/duvall.html,,
friendly grove skate court,2,concrete,,,,,,,,,,,,
kenroy skatepark,2,concrete,,,,,,,,,,,,
eatonville skatepark,3,concrete,,,,,,,,,,,,
edmonds skatepark,2,concrete,,,,9am - Dusk,,,,,northwestskater.com,http://www.northwestskater.com/edmonds.html,,
ellensburg skatepark,2,prefabricated ramps,,,,,,,,,,,,
enumclaw skatepark,2,concrete & prefabricated ramps,,,,1/2 hour before Dawn - 1/2 hour after Dusk,,,,,northwestskater.com,http://www.northwestskater.com/enumclaw.html,,
ephrata skatepark,2,prefabricated ramps,,,,,,This skatepark is located right next to the Splash Zone community pool.,,,,,,
walter e hall park,3,concrete,,,,,,,,,northwestskater.com,http://www.northwestskater.com/everett.html,,
wiggums hollow park,3,concrete,grindline,grindline,2007,10am - Dusk,"7,000",,,,northwestskater.com,http://www.northwestskater.com/everett2.html,,
fairfield skatepark,2,prefabricated ramps,,,,,,,,,,,,
steel lake skatepark,3,concrete,,,,,,,,,northwestskater.com,http://www.northwestskater.com/federalway.html,,
city of forks skatepark,3,concrete,grindline,grindline,2008,,"4,000",,,yes,skatecompass.com,http://skatecompass.com/skateparks/washington/forks/forks.html,,
JBLM skatepark,3,concrete,spohn ranch,spohn ranch,2012,,"16,000",,,,Spohn Ranch,http://www.spohnranch.com/portfolio/fort-lewis-skatepark/,,
friday harbor skatepark,2,concrete,,,,8am - Dusk,,,,,,,,
gig harbor skatepark,3,concrete,,,,,,,,,northwestskater.com,http://www.northwestskater.com/gigharbor.html,,
ekone park,2,prefabricated ramps,,,,,,Not sure if these haggard prefab ramps are still there,,,,,,
grand coulee skatepark,1,prefabricated ramps,,,,,,,,,,,,
hoquiam skatepark,3,concrete,dreamland,dreamland,2010,8am - 10pm,"2,500",,,,northwestskater.com,http://www.northwestskater.com/hoquiamwa.html,,
issaquah skatepark,2,concrete,,,1997,,,,,,sk8parkatlas.com,http://www.sk8parkatlas.com/IssaquahWA.html,,
kelso skatepark,4,concrete,grindline,grindline,2008,7am - Dusk,"12,000",,,,northwestskater.com,http://www.northwestskater.com/kelso.html,,
jack v. crawford skatepark,4,concrete,grindline,grindline,2015,9am - Dusk,"5,000",,,,,,,
kennewick skatepark,2,concrete,,,,6am - 1/2 hour after Dusk,,,,,,,,
west hill skate park,3,concrete,,,,,,,,,northwestskater.com,http://www.northwestskater.com/kentwest.html,,
arbor heights 360 park,4,concrete,grindline,grindline,2003,,"17,000",,,,,,,
kent lions skatepark,2,concrete,purkiss rose,,,Dawn - Dusk,,,,,northwestskater.com,http://www.northwestskater.com/kent.html,,
kettle falls skate park,4,concrete,grindline,grindline,2007,,"3,800",,,,,,,
billy johnson skatepark,3,concrete,,,,,,,,,,,,
kirkland skatepark,2,concrete,,,,,,,,,sk8parkatlas.com,http://www.sk8parkatlas.com/KirklandWA.html,,
la center skatepark,3,concrete,dreamland,dreamland,2013,,"2,900",,,,,,,
laconner swinomish skate park,3,concrete,grindline,grindline,2011,,"5,000",,,,northwestskater.com,http://www.northwestskater.com/laconner.html,,
rainer vista skatepark,2,prefabricated ramps,,,,,,,,,,,,
kiwanis park skatepark,3,concrete,,,,,,,,,,,,
south whidbey skatepark,2,concrete,,,,,,,,,,,,
leavenworth skatepark,4,concrete,grindline,grindline,2004,,"6,000",,,,skatecompass.com,http://skatecompass.com/,,
liberty lake skatepark,3,concrete,spohn ranch,spohn ranch,2009,,"7,000","The skatepark is located on N Molter Rd, just south of E Country VIsta Dr",,,Spohn Ranch,http://www.spohnranch.com/new-concrete-skatepark-in-liberty-lake-washington-2009-07-24/,,
long beach skatepark,2,prefabricated ramps,,,,,,"This skatepark is located just north of Sid Snyder and Shoreview Dr, behind the Neptune Theater",,,,,,
longview skatepark,2,concrete,grindline,grindline,2004,9am - 9pm or Dusk (whichever is earlier),"10,000",,,,northwestskater.com,http://www.northwestskater.com/longview2.html,,
lopez island skatepark,3,prefabricated ramps,,,,,,,,,,,,
lyle skatepark,2,concrete,,,,,,,,,northwestskater.com,http://www.northwestskater.com/lylewa.html,,
lynndale skatepark,2,concrete,,,1999,,"5,000",,,,northwestskater.com,http://www.northwestskater.com/lynnwood.html,,
martha lake airport skatepark,3,concrete,,,,,,,,,northwestskater.com,http://www.northwestskater.com/marthalake.html,,
maple valley skatepark,1,concrete,,,,8am - Dusk,,,,,northwestskater.com,http://www.northwestskater.com/MV.html,,
marysville skatepark,3,concrete,,,,,,,,,northwestskater.com,http://www.northwestskater.com/marysville.html,,
marysville (tulalip) skatepark,4,concrete,grindline,grindline,2015,,,,,,northwestskater.com,http://www.northwestskater.com/tulalipwa.html,,
mercer island skatepark,2,concrete,,,,,,,,,sk8parkatlas.com,http://www.sk8parkatlas.com/MercerilandWA.html,,
mill creek skatepark,4,concrete,,,,,,,,yes,sk8parkatlas.com,http://www.sk8parkatlas.com/MillCreekWA.html,,
milltown commons skatepark,4,concrete,grindline,grindline,2004,,"11,000",,,,,,,
lake tye skatepark,2,prefabricated ramps,,,,,,,,,,,,
morton skatepark,1,prefabricated ramps,,,,,,"This place is absolutely haggard. Citizens of Morton, demand a concrete park!!",,,Concrete Disciples,http://www.concretedisciples.com/component/content/article/58-usa-skateparks/18980-mortan-skatepark-morton-washington-usa.html,,
moses lake skatepark,2,prefabricated ramps,,,,,,,,,,,,
mount vernon skatepark,2,prefabricated ramps,,,,,,,,,,,,
mukilteo ymca skate park,4,concrete,grindline,grindline,2004,,"20,000","This is a private skatepark.  It costs money to skate, session times are regulated, and a helmet/pads are required.",,,,,,
newport community park,2,concrete,,,,,,,,,Concrete Disciples,http://www.concretedisciples.com/index.php/skatepark/usa/washington/20274-newport-community-skate-park-newport-washington-usa,,
north bend skatepark,2,concrete,,,,Dawn - Dusk,,,,,northwestskater.com,http://www.northwestskater.com/northbend.html,,
oak harbor skatepark,2,prefabricated ramps,,,,,,,,,,,,
volunteer park,3,concrete,,,,,,,,,Concrete Disciples,http://www.concretedisciples.com/index.php/skatepark/usa/washington/19482-oak-harbor-skatepark,,
olympia skatepark,2,concrete,,,2000,,"11,500",,,,northwestskater.com,http://www.northwestskater.com/olywa.html,,
omak skatepark,1,prefabricated ramps,,,,,,,,,,,,
scott stamnes memorial skatepark,5,concrete,grindline,grindline,2001,,"10,000",,,,Skate Compass,http://www.skatecompass.com/skateparks/washington/orcas/orcas.html,,
port angeles skatepark,4,concrete,dreamland,dreamland,2005,8am - Dusk,"10,000",,,,,,,
impact skate shop & park,2,wood/masonite,,,,,,This is a private skatepark.  It may cost money to skate.  Check with the shop for details,,,,,,
south kitsap skatepark,4,concrete,grindline,grindline,2013,,"15,000",,,,northwestskater.com,http://www.northwestskater.com/portorchard.html,,
city of port townsend skatepark,4,concrete,dreamland,dreamland,2005,8am - Dusk,"11,000",,,,,,,
raab park,2,wood/masonite,,,,,,,,,Concrete Disciples,http://www.concretedisciples.com/index.php/skatepark/usa/washington/19486-raab-park-poulsbo-washington-usa,,
island lake skate camp,2,wood/masonite,,,,,,This skatepark may not be open to the public,,,,,,
ej miller park,3,concrete,grindline,grindline,2006,,"3,600",,,,,,,
spring st skate park,2,concrete,,,,,,,,,,,,
puyallup skatepark,3,wood/masonite,,,,,"10,000",,,,,,,
quincy skate park,1,prefabricated ramps,,,,,,,,,,,,
raymond skatepark,2,wood/masonite,,,,,,,,,Concrete Disciples,http://www.concretedisciples.com/index.php/skatepark/usa/washington/20379-skatepark-raymond-washington-usa,,
the edge skatepark,3,concrete,,,,,,,,,,,,
liberty skatepark,3,concrete,,,2001,,"8,400",,,yes,northwestskater.com,http://www.northwestskater.com/renton.html,,
jeanette taylor skatepark,4,concrete,grindline,grindline,2004,5am -11pm,"15,000",,,,northwestskater.com,http://www.northwestskater.com/richland.html,,
ridgefield skatepark,2,prefabricated ramps,,,,,,,,,,,,
sammamish commons,3,concrete,,,2006,,,,,yes,Skate and Annoy,http://skateandannoy.com/blog/2008/05/sammamish-mammy-part-ii/,,
seatac skatepark,3,concrete,grindline,grindline,2013,Dawn - Dusk or until lights are off,"6,000",,,yes,,,,
valley ridge skatepark,2,concrete,,,,,,,,,sk8parkatlas.com,http://www.sk8parkatlas.com/SeaTacWA.html,,
ballard commons bowl,3,concrete,,,,,,,,,,,,
roxhill skatepark,3,concrete,california skateparks,grindline,2012,,"10,000",,,,California Skateparks,http://californiaskateparks.com/skatepark-design-and-construction-portfolio/?n=Roxhill+Skatepark+&projectID=287,,
seattle center skatepark,3,concrete,grindline,grindline,2011,,"10,000",,,,northwestskater.com,http://www.northwestskater.com/seaskate09.html,,
northgate skatepark,3,concrete,,,,,,,,,northwestskater.com,http://www.northwestskater.com/seattlenorthgatewa.html,,
benefit park skatedot,2,concrete,grindline,grindline,2013,,,,,,,,,
crown hill skatepark,2,concrete,pillar design studios,,2011,,"3,000",,,,northwestskater.com,http://www.northwestskater.com/seacrownhill.html,,
dahl skatespot,2,concrete,,,,4am - 11:30pm,,,,,northwestskater.com,http://www.northwestskater.com/dahlfieldwa.html,,
delridge skatepark,4,concrete,grindline,grindline,2011,,"13,000",,,,,,,
jefferson/beacon hill skatepark,4,concrete,grindline,grindline,2012,,"14,000",,,,northwestskater.com,http://www.northwestskater.com/beaconhill.html,,
judkins skatepark,4,concrete,grindline,grindline,2012,,"10,000",,,,northwestskater.com,http://www.northwestskater.com/judkins.html,,
lower woodland skatepark,4,concrete,wally hollyday,,2008,4am - 11:30pm,"17,000",,,,Concrete Disciples,http://www.concretedisciples.com/component/content/article/58-usa-skateparks/21157-lower-woodland-skatepark-seattle-washington-usa.html,,
marginal way skatepark,5,concrete,,,,,,This is a DIY skatepark,,,northwestskater.com,http://www.northwestskater.com/marginal.html,,
river city skatepark (southpark),4,concrete,,,,,,,,,,,,
sedro-woolley skate park,4,concrete,,,2013,,,,,,northwestskater.com,http://www.northwestskater.com/sedrowoolley.html,,
selah skatepark,1,prefabricated ramps,,,,,,,,,,,,
sequim skateboard park,2,concrete,,,,,,,,,northwestskater.com,http://www.northwestskater.com/squim.html,,
shelton skatepark,2,prefabricated ramps,,,,,,,,,,,,
paramount skatepark,2,concrete,,,,,,,,,sk8parkatlas.com,http://www.sk8parkatlas.com/ShorelineWA.html,,
silverdale skatepark,2,concrete,,,,,,,,,,,,
snohomish skatepark,3,concrete,,,,,,,,,,,,
soap lake park,1,prefabricated ramps,,,,,,,,,,,,
hillyard skatepark,4,concrete,grindline,grindline,2003,,"12,000",,,,skatecompass.com,http://skatecompass.com/,,
joe albi/dwight merkel skatepark,3,concrete,,,,,,,,,,,,
UTF skatepark,3,concrete,,,,,,,,,northwestskater.com,http://www.northwestskater.com/spokaneUTF.html,,
spokane valley ymca,3,concrete,grindline,grindline,2004,,"8,500",,,,,,,
heritage park,2,prefabricated ramps,,,,9am - Dusk,,,,,,,,
sumner skatepark,4,concrete,grindline,grindline,2001,,"12,500",,,,northwestskater.com,http://www.northwestskater.com/sumner.html,,
norpoint skatepark,3,concrete,grindline,grindline,2009,,"4,500",,,,,,,
stewart heights park,3,concrete,,,,,,,,,,,,
thea's skatespot,3,concrete,,,,,,,,,,,,
kandle park,3,concrete,grindline,grindline,2012,,"4,000",,,,,,,
sprinker skatepark,4,concrete,,,,,,This skatepark maintains odd hours and may cost money to skate,,yes,northwestskater.com,http://www.northwestskater.com/sprinker.html,,
toledo skatepark,3,concrete,grindline,grindline,2014,,"7,300",,,,,,,
tonasket skatepark,3,concrete,,,2009,,,,,,northwestskater.com,http://www.northwestskater.com/tonasket.html,,
tukwila skate park,2,wood/masonite,,,,8am - Dusk,,,,,,,,
university place skatepark,4,concrete & prefabricated ramps,,,2004,,,,,,Concrete Disciples,http://www.concretedisciples.com/index.php/skatepark/usa/washington/18969-university-place-skatepark,,
pacific community skatepark,4,concrete,grindline,grindline,2007,,"10,000",,,,,,,
swift skatepark,3,concrete,,,1998,,"12,000",,,,northwestskater.com,http://www.northwestskater.com/vancouverdt.html,,
endeavour park skate spot,2,concrete,,,,5am - 10pm,,,,,,,,
gretchen fraser skate spot,2,concrete,,,,,,,,,,,,
vashon skatepark,4,concrete,grindline,grindline,2014,9am - Dusk,"3,000",,,,northwestskater.com,http://www.northwestskater.com/vashonislandwa.html,,
walla walla skate park,4,concrete,walla walla skatepark association/dreamland,dreamland,2009,,"6,300",,,,northwestskater.com,http://www.northwestskater.com/ww2.html,,
fort walla walla,3,concrete,,,2000,6am - 10pm,,,,,northwestskater.com,http://www.northwestskater.com/wallawalla.html,,
wenatchee skatepark,2,concrete,,,,,,,,,northwestskater.com,http://www.northwestskater.com/wenatchee.html,,
revolution snow & skate,3,concrete,,,,,,"This is a private, indoor skatepark that costs money to skate and may require a helmet.",,,,,,
wilkeson skatepark,3,concrete,grindline,grindline,2014,,"2,500",,,,,,,
sk8er zone,1,prefabricated ramps,,,,,,,,,,,,
winlock skatepark,1,prefabricated ramps,,,,,,,,,,,,
woodinville rotary skate/bmx park,3,concrete,,,,,,,,,,,,
woodland skatepark,4,concrete,dreamland,dreamland,2006,6am - Dusk,"5,160",,,,,,,
chesterley skate park,2,concrete,,,,6am - Dusk,,,,,northwestskater.com,http://www.northwestskater.com/yakima.html,,
kiwanis skatepark,4,concrete,grindline,grindline,2008,6am - 10pm,"12,000",,,,northwestskater.com,http://www.northwestskater.com/yak2.html,,
yelm skatepark,1,concrete,,,,,,,,,,,,