name,city,state,identifier,rating,address,material,designer,builder,opened,hours,size,notes,beta,helmet,lights,photo_cred,video_url,num_pics,obstacles
alameda skatepark,alameda,california,alameda,2,1101 w red line ave alameda ca 94501,concrete,community effort,community effort,,,15000,,,,,,,5,
,american canyon,california,american canyon,2,298 benton way american canyon ca 94503,prefabricated ramps,,,,"When school is out: - 8am - Dusk, When school is in session: Monday, Tuesday, Thursday, Friday: 3:15pm - Dusk, Wednesday: 1:30pm - Dusk",13000,,,,,,,2,
anaheim west,anaheim,california,anaheim,2,2271 w crescent ave anaheim ca 92801,concrete,purkiss rose,,2002,,10000,,,,,,,4,
downtown skate zone,anaheim,california,anaheim2,2,e broadway & s olive st anaheim ca 92805,prefabricated ramps,,,,,2000,,,,,,,2,
south volante skatepark,anderson,california,anderson,3,1887 howard st anderson ca 96007,concrete,,,,,13000,,,,,,,4,
,antioch,california,antioch,2,4701 lone tree way antioch ca 94531,concrete,,,,,15000,,,,,,,4,
3 diamonds skatepark,apple valley,california,apple valley,2,13467 navajo rd apple valley ca 92308,concrete,,,,,,,,,,northwestskater.com,,4,
bonita skatepark,arcadia,california,arcadia,2,207 bonita st arcadia ca 91006,concrete,purkiss rose,,2003,Dawn - 10pm,10700,,,,,northwestskater.com,,4,"ledges, stairs, rails, pyramid, quarterpipes"
rampart,arcata,california,arcata,3,700 s g st arcata ca 95521,wood,,,,,,,"This is a private, indoor skatepark. It costs money and requires a helmet/pads to skate.",,,,,4,
,arcata,california,arcata2,3,sunset ave & jay st arcata ca 95521,concrete,,,,,,,,,,,,4,
,arvin,california,arvin,,,prefabricated ramps,,,,,,,,,,,,0,
a-town park,atascadero,california,atascadero,3,5493 traffic way atascadero ca 93422,wood,,,,"This is a private, indoor skatepark.  It costs money to skate and a helmet/pads are required",,,,,,,,4,
osborn skatepark,atwater,california,atwater,2,501 e bellevue rd atwater ca 95301,prefabricated ramps,,,,,,,,,,,,4,
,auburn,california,auburn,3,855 pacific ave auburn ca 95603,concrete,,,,Dawn - Dusk,,,,,,northwestskater.com,,5,
,avalon,california,avalon,,,,,,,,,,,,,,,0,
,avenal,california,avenal,3,703 s 4th ave avenal ca 93204,concrete,spohn ranch,,,,,,,,,,,3,
,azusa,california,azusa,3,320 n orange pl azusa ca 91702,concrete,purkiss rose,,2002,,,,,,,,,4,
beach park,bakersfield,california,bakersfield,3,21st st & oak st bakersfield ca 93301,concrete,,,,5am - 10pm,,,,,,,,5,
planz,bakersfield,california,bakersfield2,3,1601 planz rd bakersfield ca 93304,concrete,spohn ranch,spohn ranch,2014,,7000,,,,,Spohn Ranch,,4,
kernside,bakersfield,california,bakersfield3,4,,concrete,,,,,,,This is a DIY skatepark,,,,,4,
,baldwin park,california,baldwin park,3,15010 badillo st baldwin park ca 91706,concrete,purkiss rose,california skateparks,2003,,12000,,,,,,,4,
,banning,california,banning,3,n san gorgonio ave & e george st banning ca 92220,prefabricated ramps,,,,,,,,,,,,4,
dana park skatepark,barstow,california,barstow,3,840 barstow rd barstow ca 92311,concrete,mig/csp,california skateparks,,,12000,,,,,northwestskater.com,,4,
,bell,california,bell,2,4357 gage ave bell ca 90201,prefabricated ramps,,,,,,,,,,Concrete Disciples,,4,
,bell gardens,california,bell gardens,3,6641 florence pl bell gardens ca,concrete,purkiss rose,california skateparks,,,,,,,,socalskateparks.com,,4,
caruthers park,bellflower,california,bellflower,2,10500 e flora vista st bellflower ca 90706,concrete,purkiss rose,california skateparks,,,,,,,,northwestskater.com,,4,
highland skatepark,ben lomond,california,ben lomond,3,8500 ca-9 ben lomond ca 95006,concrete,wormhoudt,wormhoudt,,,4500,,,,,Wormhoudt Inc.,,4,
x-park,benicia,california,benicia,4,rose dr & dempsey dr benicia ca 94510,concrete,wormhoudt,,2007,,20000,,,,,northwestskater.com,,6,
orkin/hsang memorial skatepark,berkeley,california,berkeley,3,5th st & harrison st berkeley ca 94710,concrete,site design,,,8am - 9pm,18000,,,,yes,,,6,
sugarloaf skatepark,big bear lake,california,big bear lake,2,44828 baldwin ln big bear city ca 92314,prefabricated ramps,,,,,,,,,,Concrete Disciples,,4,
town skatepark,big bear lake,california,big bear lake2,2,40946 big bear blvd big bear lake ca 92315,prefabricated ramps,,,,,,,,yes,,Concrete Disciples,,4,
,biggs,california,biggs,1,c st & 9th st biggs ca 95917,concrete,,,,,,,,,,,,0,
,bishop,california,bishop,2,n main st & park st bishop ca 93514,concrete,,,,,,,,,,,,4,
mesa skatepark,bolinas,california,bolinas,3,100 mesa rd bolinas ca 94924,concrete,,,,,,,,,,,,4,
,borrego springs,california,borrego springs,4,630 cahuilla road borrego springs ca ,concrete,site design,california skateparks,,,,,,,,California Skateparks,,4,"quartpipes, bowls, rails, metal coping"
blake davis skatepark,brawley,california,brawley,3,magnolia st & n 3rd st brawley ca 92227,concrete,purkiss rose,,2003,8am - 10pm,18000,,,,,socalskateparks.com,,4,
,brea,california,brea,3,imperial hwy & berry st brea ca 92821,concrete,purkiss rose,,2000,7am - Dusk,10000,,,,,socalskateparks.com,,4,
,brentwood,california,brentwood,3,198 griffith ln brentwood ca 94513,concrete,,,,9am - Dusk,18000,,,,,Concrete Disciples,,4,
,brisbane,california,brisbane,1,park ln & old county rd brisbane ca 94005,wood & prefabricated ramps,,,,,,,,,,,,2,"miniramp, rail"
,buena park,california,buena park,2,7725 el dorado dr buena park ca 90620,concrete & prefabricated ramps,,,2003,8am - Dusk,10000,,,,,socalskateparks.com,,4,
,burbank,california,burbank,3,1625 n valley st burbank ca 91505,concrete,,,,"Monday - Thursday: 4pm - 7pm, Friday: 4pm - 9pm, Saturday - Sunday: 10am - 5pm",11500,,This skatepark costs money to skate and a helmet/pads are required.,,yes,socalskateparks.com,,4,
calexico nosotros saktepark,calexico,california,calexico,2,kloke rd & calexico st calexico ca 92231,prefabricated ramps,,,,,,,,,,,,0,
pleasant valley skatepark,camarillo,california,camarillo,3,1030 temple ave camarillo ca 93010,concrete,wormhoudt,,1998,Dawn - Dusk,12000,,This skatepark costs money to skate and a helmet/pads are required. There are designated BMX session times.,,,socalskateparks.com,,4,
,cameron park,california,cameron park,3,2380 merrychase dr cameron park ca 95682,concrete,,,,Dawn - Dusk,,,,,,sk8parkatlas.com,,4,
,camp pendleton,california,camp pendleton,2,c st & 3rd st camp pendleton north ca 92055,concrete,site design,,,Dawn - Dusk,4000,,,,,,,4,
,campbell,california,campbell,1,"w campbell ave & jeffers way, campbell ca 95008",prefabricated ramps,,,,,,,This skatepark costs money to skate and a helmet/pads are required.,,,,,4,
lanark skatepark,canoga park,california,canoga park,3,21816 lanark st canoga park ca 91304,concrete,new line skateparks,california skateparks,2015,,14000,,,,,Concrete Discples and California Skateparks,,4,
,carlsbad,california,carlsbad,2,2560 orion way carlsbad ca 92010,concrete,,,2001,8am - 10pm,15000,,This skatepark is located right next to a police station,,yes,socalskateparks.com,,4,
alga norte skatepark,carlsbad,california,carlsbad2,4,6565 alicante rd carlsbad ca 92009,concrete,stantec,stantec,2014,,23000,,,,yes,,,6,
,carson,california,carson,2,22400 moneta ave carson ca 90745,concrete,purkiss rose,,2003,lights til 10pm,10000,,,,yes,socalskateparks.com,,4,
adobe park skatepark,castro valley,california,castro valley,1,20395 san miguel ave castro valley ca 94546,prefabricated ramps,,,,,,,,,,,,3,
,castroville,california,castroville,,11261 crane st castroville ca 95012,prefabricated ramps,,,,,,,,,,,,,
,cayucos,california,cayucos,4,55 ocean front ave cayucos ca 93430,wood & concrete,,,,,,,,,,,,,"wood ramp, metal coping, pool coping"
,ceres,california,ceres,,moffett rd & fowler rd ceres ca 95307,concrete,,,,,16000,,,,,,,,
,cerritos,california,cerritos,,19900 bloomfield ave cerritos ca 90703,concrete,purkiss rose,hondo company inc ,2000,8am - Dusk Mon: 11am - Dusk,10000,cost $316724,,,,,,,
the skate house,chatsworth,california,chatsworth,,9725 variel ave chatsworth ca 91311,wood,,,,,13000,,,,,,,,
,chico,california,chico,,humboldt ave & flume st chico ca 95928,concrete,,,,,10000,,,,,,,,
ayala park,chino,california,chino,,central ave & edison ave chino ca 91708,concrete,site design,california skateparks,2003,8am - 10pm,27624,,,,yes,,,,
,chino hills,california,chino hills,,16333 fairfield ranch rd chino hills ca 91709,concrete,purkiss rose/california skateparks,,2003,7am - Dusk,6000,,,,,,,,
heritage park skate plaza,chula vista,california,chula vista,1,1381 e palomar st chula vista ca 91913,concrete,,,,Dawn - Dusk,,,,,,,,,"rails, ledges, stairs"
len moore skatepark,chula vista,california,chula vista2,,1301 oleander ave chula vista ca 91911,concrete,purkiss rose,kf stratton,2003,,25000,,"This is a private, indoor skatepark. It costs money and requires a helmet/pads to skate.",,yes,,,,
montevalle skate plaza,chula vista,california,chula vista3,,840 duncan ranch rd chula vista ca 91914,concrete,,,,8am - Dusk,,,,,,,,,
salt creek skate plaza,chula vista,california,chula vista4,,1234 n creekside dr chula vista ca 91915,concrete,,,,Dawn - Dusk,,,,,,,,,
venetia skate plaza,chula vista,california,chula vista5,,1500 magdalena ave chula vista ca 91913,concrete,,,,8am - Dusk,,,,,,,,,
veterans skate plaza,chula vista,california,chula vista6,,785 e palomar st chula vista ca 91911,concrete,,,,8am - Dusk,,,,,,,,,
winding walk skate plaza,chula vista,california,chula vista7,,windingwalk st & exploration falls dr chula vista ca 91915,concrete,,,,8am - Dusk,,,,,,,,,
rusch skatepark,citrus heights,california,citrus heights,,7801 auburn blvd citrus heights ca 95610,concrete,california skateparks,california skateparks,,,9000,,,,,,,,
krause family skatepark,san diego (clairemont),california,clairemont,,3401 clairemont dr san diego ca 92117,concrete,wally holliday/california skateparks/andy mcdonald,california skateparks,2001,,53000,mission valley ymca,This is a private skatepark.  It costs money and requires a helmet/pads to skate.,,,,,,
,claremont,california,claremont,,1717 n indian hill blvd claremont ca 91711,concrete,purkiss rose,,1998,6am - 10pm,6000,,,,lights,,,,
,clearlake,california,clearlake,,uhl ave & austin rd clearlake ca 95422,prefabricated ramps,,,,,,,,,,,,,
,cloverdale,california,cloverdale,,,prefabricated ramps,,,,,,?,,,,,,,
letterman skatepark,clovis,california,clovis,,villa ave & w 9th st clovis ca 93612,concrete,site design,,,8am - 9pm,27000,,,,lights,,,,
dateland park,coachella,california,coachella,,medina st & shady ln coachella ca 92236,prefabricated ramps,,,,,,,,,,,,,
wilson skatepark,compton,california,compton,,123 north rose ave compton ca 90220,concrete,california skateparks,california skateparks,,,10000,,,,,,,,
,concord,california,concord,,cowell rd & san miguel rd concord ca 94518,concrete,,,,,,,,,,,,,
,corning,california,corning,3,1485 toomes ave corning ca 96021,concrete,stantec,kendal construction,2013,,22000,,,,,,,,
corona city park,corona,california,corona,,930 e 6th st corona ca 92879,concrete,purkiss rose,,1999,7am - 10pm,10000,,,,lights,,,,
harada skatepark,corona,california,corona2,,13100 65th st cleveland ave corona ca,concrete,community works,california skateparks,,,10000,,,,,,,,
orchard skatepark,corona,california,corona3,,5900 festival way corona ca 92880,concrete,community works,california skateparks,,,13000,,,,,,,,
santana regional skatepark,corona,california,corona4,2,598 santana way corona ca 92881,concrete,purkiss rose,california skateparks,,,11000,,,,,,,,
james huber skatepark,corona (eastvale),california,corona5,3,6411 rolling meadow st corona ca 92880,concrete,community works design group (bill wildenberg & scott rice),california skateparks,2005,,20000,also eastvale/jurupa,,,,,,,"ledges, rails, pyramid, quarterpipes, bowl, metal coping"
,coronado,california,coronado,,2000 mullinex drive coronado ca 92118,concrete,site design,california skateparks,2001,,20000,,,,,,,,
,corte madera,california,corte madera,1,7 pixley ave corte madera ca 94925,prefabricated ramps,,,,,,,,,,,,,
volcom skatepark,costa mesa,california,costa mesa,,970 arlington dr costa mesa ca 92626,concrete,california skateparks,california skateparks,2005,"9am - 9pm, opens 3pm on Tuesdays",20000,,,,yes,,,,
,crescent city,california,crescent city,1,5th st & e st crescent city ca 95531,prefabricated ramps,,,,,,,,,,,,,
,cudahy,california,cudahy,1,5240 santa ana st cudahy ca 90201,prefabricated ramps,,,,,,,,,,,,,
,culver city,california,culver city,,9910 jefferson blvd culver city ca 90232,concrete,site design,california skateparks,,"monday - friday: 12pm - Dusk, saturday & sunday: 9:30am - 4:30pm ",15000,,A helmet/pads are required to skate this park.,,,,,,
cypress skate plaza,cypress,california,cypress,,4554 avenida granada cypress ca 90630,concrete,purkiss rose,,2003,8am - Dusk,12000,,,,,,,,
,daly city,california,daly city,,sullivan ave & 92nd st daly city ca 94015,prefabricated ramps,,,,,,,,,,,,,
,davis,california,davis,1,1405 f st davis ca 95616,concrete,,,1993,,,,,,,,,,
,delano,california,delano,,cecil ave & madison st delano ca 93215,concrete,site design,,,Dawn - Dusk,23342,,,,,,,,
,delhi,california,delhi,,shanks rd & schendel ave delhi ca 95315,prefabricated ramps,,,2006,,,,,,,,,,
,desert hot springs,california,desert hot springs,,west dr & 1st st desert hot springs ca 92240,concrete,lawrence r moss & associates,,2003,Dawn - Dusk,10000,,,,,,,,
,diamond bar,california,diamond bar,,24142 sylvan glen rd diamond bar ca 91765,concrete,purkiss rose,,,7am - Dusk,10000,,,,,,,,
,dixon,california,dixon,,hall park dr & e chestnut st dixon ca 95620,concrete,,,,,,,,,,,,,
independence park,downey,california,downey,,12334 bellflower blvd downey ca 90242,concrete,purkiss rose,,2002,,10000,,A helmet/pads are required to skate here.,,,,,,
pamela park,duarte,california,duarte,1,2236 goodall ave duarte ca 91010,prefabricated ramps,,,,,,,,,,,,,
,duarte,california,duarte2,,1401 central ave duarte ca 91010,concrete,lawrence r moss & associates,california skateparks,,Dawn - Dusk,10000,,,,,,,,
emerald glen skatepark,dublin,california,dublin,2,4201 central pkwy dublin ca 94568,concrete,,,,Dawn - Dusk,,,,,,,,,
arnold park,edwards air force base,california,edwards air force base,,,concrete,,,,,,verify,,,,,,,
kennedy skatepark,el cajon,california,el cajon,,1675 e madison ave el cajon ca 92019,concrete,purkiss rose,,2002,"Mon-Fri: 4-9, Sat: 12-9, Sun: 12-7",11000,,This skatepark costs money to skate and requires a helmet/pads,,,,,,
renette skate plaza,el cajon,california,el cajon2,,935 emerald ave el cajon ca 92020,concrete,,,,,,,,,,,,,
sidewinder skatepark,el centro,california,el centro,,770 park ave el centro ca 92243,concrete,california skateparks,,2015,,30000,update address,,,,,,,
,el dorado hills,california,el dorado hills,1,1021 harvard way el dorado hills ca 95762,prefabricated ramps,,,,,,,This skatepark costs money to skate and requires a helmet/pads,,yes,,,,
,el segundo,california,el segundo,2,405 e grand ave el segundo ca 90245,concrete,,,,"monday - friday: 11am - 9pm, saturday: 2:30pm - 10:30 pm, sunday: Noon - 5 pm",,18 & under,,,,,,,
derr-okamota park,elk grove,california,elk grove,,9550 mainline drive elk grove ca 95624,concrete,site design,,,,13300,street plaza,,,,,,,
,elk grove,california,elk grove2,,9014 bruceville rd elk grove ca 95758,concrete,wormhoudt,wormhoudt,2004,8am - Dusk,11000,special hours fee?,,,,,,,
shasta community park,elk grove,california,elk grove3,2,7407 shasta ave elk grove ca 95758,prefabricated ramps,,,,,,,,,,,,,
magdalena ecke family ymca,encinitas,california,encinitas,4,200 saxony rd encinitas ca 92024,wood & concrete,site design/team pain,,,,37000,,This skatepark costs money to skate and requires a helmet/pads,,,,,,"vert ramp, bowls, ledges, rails, pyramids, banks, metal coping, pool coping"
leucadia oaks,encinitas,california,encinitas2,,,concrete,,,,,,,,,,,,,
wheel friendly skate plaza,encinitas,california,encinitas3,,,concrete,,,,,,,,,,,,,
pedlow,encino,california,encino,,17334 victory blvd encino ca 91406,concrete,purkiss rose,california skateparks,2001,,20000,,,,,,,,
escondido sports center,escondido,california,escondido,,3315 bear valley pkwy s escondido ca,wood,ramp armor,ramp armor,,,22000,,This is a private skatepark that costs money to skate and requires a helmet/pads,,,,,,
,eureka,california,eureka,,1720 10th st eureka ca 95501,concrete,wormhoudt,,2010,,12000,,,,,,,,
allan witt rotary skatepark,fairfield,california,fairfield,3,1900 woolner ave fairfield ca 94533,concrete,,,,Dawn - Dusk,,,,,,,,,
travis air force base,fairfield,california,fairfield2,1,air base pkwy fairfield ca,prefabricated ramps,,,,,,,,,,,,,
,fallbrook,california,fallbrook,,445 e ivy st fallbrook ca 92028,wood,,,,,,,This skatepark costs money to skate and requires a helmet/pads,,,,,,
,fillmore,california,fillmore,3,river st & c st fillmore ca 93015,concrete,community works,california skateparks,,,12000,,,,,,,,
maldonado skatepark,firebaugh,california,firebaugh,,clyde fannon rd & thomas conboy ave firebaugh ca 93622,concrete,wormhoudt,clark bros construction inc ,2008,,14000,cost $767000,,,,,,,
mathy bethune skatepark,florence,california,florence,,hooper ave & e 62nd st florence-graham ca 90001,prefabricated ramps,,,,,,,,,,,,,
cummings skatepark,folsom,california,folsom,3,1775 creekside dr folsom ca 95630-3457,concrete,wormhoudt,,2003,,21000,,This skatepark costs money to skate and requires a helmet/pads,,yes,,,,
jesse turner skatepark (fontana north),fontana,california,fontana,,5553 lytle creek rd fontana ca 92336,concrete,site design,california skateparks,,mon - thurs 2pm-9pm f - 12pm-9pm sat & sun - 9am - 9pm,20000,,,,,,,,
juniper community center (fontana south),fontana,california,fontana2,,16581 filbert ave fontana ca 92336,concrete,california skateparks,california skateparks,2002,,26000,,,,,,,,
,foster city,california,foster city,,670 shell blvd foster city ca 94404,concrete,wormhoudt,,2009,,7000,,,,,,,,
,frazier park,california,frazier park,1,4001 frazier mountain park rd frazier park ca 93225,prefabricated ramps,,,,,,,,,,,,,
,fremont,california,fremont,,40000 paseo padre pkwy fremont ca 94538,concrete,wormhoudt,,,6am - 8pm,25000,,,,,,,,
cary ramp park,fresno,california,fresno,,4750 n fresno st fresno ca 93726,prefabricated ramps,,,,Dawn - Dusk,,,,,yes,,,,
kaiser ramp park,fresno,california,fresno2,,425 e alluvial ave fresno ca 93720,concrete,,,,Dawn - Dusk,,,,,,,,,
lion's den skatepark,fresno,california,fresno3,,n emerson ave & w indianapolis ave fresno ca 93705,concrete,site design,,2002,8am-10pm,30000,2002,,,,,,,
melody ramp park,fresno,california,fresno4,,5935 e shields ave fresno ca 93727,concrete,,,,Dawn - Dusk,,,,,,,,,
mosqueda bike park,fresno,california,fresno5,,e butler ave & s maple ave fresno ca 93702,concrete,,,2009,,30000,,,,,,,,
romain ramp park,fresno,california,fresno6,,745 n 1st st fresno ca 93701,concrete,,,,Dawn - Dusk,,,,,,,,,
the ark,fresno,california,fresno7,,1707 w jensen ave fresno ca 93706,concrete,,,,Dawn - Dusk,,,,,,,,,vert ramp
todd beamer skatepark,fresno,california,fresno8,,9797 n maple fresno ca 93720,concrete,wormhoudt,california skateparks,,,14000,,,,,,,,
independence park,fullerton,california,fullerton,,801 w valencia dr fullerton ca 92832,concrete,purkiss rose,,,9am - Dusk,12000,,,,,,,,
,galt,california,galt,,620 chabolla ave galt ca 95632,prefabricated ramps,,,,,,,,,,,,,
,garden grove,california,garden grove,,9301 westminster ave garden grove ca 92844,concrete,,,2010,9am - 11pm,,lights cost $95000,,,yes,,,,
arthur lee johnson memorial park,gardena,california,gardena,,1200 w 170th st gardena ca 90247,concrete,spohn ranch,spohn ranch,2012,Dawn - Dusk,7000,,,,,,,,
rowley park,gardena,california,gardena2,,13220 van ness ave gardena ca 90249,concrete,spohn ranch,spohn ranch,2012,,8000,,,,,,,,
,gilroy,california,gilroy,2,"510 mantelli dr gilroy, ca 95020",concrete,,,,,,,,,,,,,
verdugo park,glendale,california,glendale,,"1621 canada blvd glendale, ca 91208",concrete,,,,,1500,,This skatepark costs money to skate and requires a helmet/pads,,lights,,,,
,glendora,california,glendora,,160 wabash n ave glendora ca,concrete,lawrence r moss & associates,california skateparks,,,10000,,,,,,,,
,gonzales,california,gonzales,,203 1st st gonzales ca 93926,concrete,,,,,,,,,,,,,
condon park,grass valley,california,grass valley,3,butler st & minnie st grass valley ca 95945,concrete,wormhoudt,wormhoudt,2001,,23000,,,,,,,,
patriot park,greenfield,california,greenfield,3,oak ave & 13th st greenfield ca 93927,concrete,wormhoudt,wormhoudt,2002,,11000,,,,,,,,
,gridley,california,gridley,2,washington st & spruce st gridley ca 95948,prefabricated ramps,,,,,,,,,,,,,
mary laveroni park,groveland,california,groveland,,18818 main st groveland ca 95321,prefabricated ramps,,,,,,,,,,,,,
south county skatepark,grover beach,california,grover beach,2,1750 ramona ave grover beach ca 93433,concrete,,,,,,,This is a private skatepark.  It costs money and requires a helmet/pads to skate.,,,,,,
,hanford,california,hanford,,422 ford st hanford ca 93230,concrete,,,,,,,,,,,,,
,hawaiian gardens,california,hawaiian gardens,1,e 221st st & clarkdale ave hawaiian gardens ca 90716,prefabricated ramps,,,,10am-7pm,,,,,,,,,
larry guidi skatepark,hawthorne,california,hawthorne,3,12100 inglewood ave hawthorne ca 90250,concrete,,,,"Monday - Friday: 3pm - 9pm, Saturday - Sunday: 9am - 9pm",,,,,,,,,
tennyson park,hayward,california,hayward,,28146 huntwood ave hayward ca 94544,concrete,,,,,,,,,,,,,
,hayward,california,hayward2,,,concrete,,,,,,,,,,,,,
carson warner memorial skatepark,healdsburg,california,healdsburg,3,1100 grove st healdsburg ca 95448,concrete,,,2000,"Winter Hours: 8am - 5pm, Summer Hours: 8am -7pm",20000,,,,,,,,
,hermosa beach,california,hermosa beach,,710 pier avenue hermosa beach ca 90254,concrete,,,,"When Hermosa schools are in session - Monday through Friday: 3 – 7pm, Wednesdays 10 years of age or younger ONLY: 2 – 3pm, Saturday, Sunday: 12 – 7pm Hermosa school holidays, including Summer break - Monday through Sunday: 12 – 7pm",,,,,,,,,
garvanza skatepark,highland park,california,highland park,,6240 e meridian ave los angeles ca 90042,concrete,purkiss rose,california skateparks,,,20000,,,,,,,,
veterans memorial park,hollister,california,hollister,,1221 memorial dr hollister ca 95023,concrete & prefabricated ramps,,,,,,,,,,,,,
north hollywood skate plaza,hollywood,california,hollywood,,magnolia boulevard & tujunga avenue north hollywood ca 91601,concrete,california skateparks/lance mountain,california skateparks,,,15000,,,,,,,,
murdy park,huntington beach,california,huntington beach,1,7000 norma dr huntington beach ca 92647,concrete,,,,,,,,,,,,,
vans off the wall skatepark,huntington beach,california,huntington beach2,4,7471 center ave huntington beach ca 92647,concrete,california skateparks/site design,california skateparks,2014,9am – Dusk,42500,,This skatepark may have BMX sessions on Wednesdays,,,,,,
,idyllwild,california,idyllwild,2,26375 CA-243 idyllwild ca 92549,prefabricated ramps,,,,,,,,,,,,,
,imperial beach,california,imperial beach,3,425 imperial beach blvd imperial beach ca 91932,concrete,,,2010,Dawn - Dusk,,,,,,,,,
,indio,california,indio,,,concrete,,,,,,"no info, call & check?",,,,,,,
darby skatepark,inglewood,california,inglewood,2,3400 w arbor vitae st inglewood ca 90305,prefabricated ramps,,,,,,,,,,,,,
rogers park skatepark,inglewood,california,inglewood2,1,400 West beach ave inglewood ca 90302,prefabricated ramps,,,,,,,,,,,,,
vincent park skatepark,inglewood,california,inglewood3,1,700 warren ln inglewood ca 90302,prefabricated ramps,,,,,,,,,,,,,
,ione,california,ione,3,w plymout hwy & ca-124 ione ca 95640,concrete,wormhoudt,wormhoudt,2005,Dawn - Dusk,7500,,,,,,,,
mariners church/harvard skatepark,irvine,california,irvine,,5001 newport coast drive irvine ca 92603,concrete,wormhoudt,california skateparks,2008,,6000,,,,,,,,
,irwindale,california,irwindale,3,5051 n irwindale ave irwindale ca 91706,concrete,,,,6am-Dusk,,,,,,,,,
jess martin park,julian,california,julian,1,2949 ca-79 julian ca 92036,prefabricated ramps,,,,,,,,,,,,,
,king city,california,king city,1,san antonio dr & bedford ave king city ca 93930,prefabricated ramps,,,,,,,,,,,,,
,la habra,california,la habra,3,1208 fahringer way la habra ca 90631,concrete,,,,"Mon - Fri: 3pm - 8pm, Saturday - Sunday: 12pm - 8pm, Holidays: Closed",,,,,,,,,
,la mesa,california,la mesa,2,8881 dallas st la mesa ca 91942,concrete,,,,Dawn - Dusk,,,,,,,,,
4th ave skatepark,la puente,california,la puente,,553 4th ave la puente ca 91746,concrete,charles h strawter design inc ,geocon engineering,2012,,11000,,,,,,,,
,la quinta,california,la quinta,,78468 westward ho dr la quinta ca 92253,concrete,,,,,,,,,,,,,
,la quinta,california,la quinta2,1,francis hack ln & avenida bermudas la quinta ca 92253,prefabricated ramps,,,,,,,,,,,,,
,la verne,california,la verne,,3104 d st la verne ca 91750,concrete,california skateparks,california skateparks,1998,,12550,,,,,,,,
teramore skatepark,ladera ranch,california,ladera ranch,3,26283 sienna pkwy ladera ranch ca 92694,concrete,wally hollyday,wally hollyday,2005,,14000,,,,,,,,"bowl, rail, quarterpipes, stairs, ledges, metal cpoing"
,laguna hills,california,laguna hills,3,25401 paseo de valencia laguna hills ca 92653,concrete,,,,8am - 10pm,,,,,,,,,
,laguna niguel,california,laguna niguel,,27745 alicia pkwy laguna niguel ca 92677,concrete,california skateparks,california skateparks,,,24000,,,,,,,,
mcvicker canyon skate park,lake elsinor,california,lake elsinor,2,"mcvicker canyon park rd & Grand Ave, Lake Elsinore, CA 92530",prefabricated ramps,,,,,,,"This skatepark costs money to skate, requires a helmet/pads, and has designated bike sessions.",,,,,,
skate zone at serenity park,lake elsinor,california,lake elsinor2,3,palomar st & silverwood dr lake elsinore ca 92530,concrete,spohn ranch,spohn ranch,2015,6:30am- Dusk,,,,,,,,,
etnies skatepark,lake forest,california,lake forest,,20028 lake forest drive lake forest ca 92630,concrete,site design,california skateparks,December 2003 (expansion August 2011),mon - thurs 11am-9pm friday 11am-10pm sat 10am-10pm sun 10am-9pm,,,This skatepark requires a helmet/pads,,,,,,
hansen dam skatepark,lake view terrace,california,lake view terrace,3,dronfield ave & osborne st lake view terrace ca 91331,concrete,wormhoudt,spohn ranch,2012,,9000,los angeles,,,,,,,
lindo lake skatepark,lakeside,california,lakeside,3,woodside ave & chestnut st lakeside ca 92040,concrete,action sports design (Stantec),,2014,,,,,,,,,,
,lathrop,california,lathrop,3,450 spartan way lathrop ca 95330,concrete,wormhoudt,california skateparks,2014,,16000,,,,,,,,
,lathrop,california,lathrop2,2,7th st & l st lathrop ca 95330,concrete,SITE design,spohn ranch, ,9am-Dusk,7440,,,,,,,,
,lemoore,california,lemoore,2,fox st & e st lemoore ca 93245,concrete,,,,,,,,,,,,,
mcbean memorial park,lincoln,california,lincoln,1,2nd st & d st lincoln ca 95648,prefabricated ramps,,,,,,,,,,,,,
,livermore,california,livermore,3,3663 pacific ave livermore ca 94550,concrete,wormhoudt,A J Vasconi,2000,Dawn - Dusk,11000,,,,,,,,
,lodi,california,lodi,2,1331 s ham ln lodi ca 95242,prefabricated ramps,,,,,,,,,,,,,
vandenberg skatepark,lompoc,california,lompoc,,h st & e central ave lompoc ca 93436,concrete,california skateparks,california skateparks,,,7000,,,,,,,,
,lone pine,california,lone pine,,601 s main st lone pine ca 93545,concrete,hardcore skateparks,,,,,,,,,,,,
cherry park/bixby park,long beach,california,long beach,,cherry ave & e 2nd st long beach ca 90802,concrete,,california skateparks,,,,,,,,,,,
drake park skatepark,long beach,california,long beach2,1,951 maine ave long beach ca 90813,prefabricated ramps,,,,,,,,,,,,,
el dorado skatepark,long beach,california,long beach3,,2800 studebaker road long beach ca 90804,concrete,purkiss rose,california skateparks,2000,,12000,,This skatepark requires a helmet/pads,,,,,,
houghton skatepark,long beach,california,long beach4,3,6301 myrtle ave long beach ca 90805,concrete,,,2004,,,,,,,,,,
mcbride skatepark,long beach,california,long beach5,3,e 15th st & martin luther king jr ave long beach ca 90813,concrete,spohn ranch,spohn ranch,2012,7am - 10pm,11000,,,,lights,,,,
michael green skatepark,long beach,california,long beach6,2,w 14th St & n pacific ave long beach ca 90813,concrete & prefabricated ramps,,,,,8000,,,,,,,,
orizaba skate spot,long beach,california,long beach7,2,orizaba ave & e 14th st long beach ca 90804,concrete,spohn ranch,spohn ranch,2011,,3500,,,,,,,,
silverado skatepark,long beach,california,long beach8,1,1545 W 31st st long beach ca 90810,prefabricated ramps,,,,,,,,,,,,,
blue anchor park,loomis,california,loomis,2,3690 taylor rd loomis ca 95650,concrete,wormhoudt,wormhoudt,2013,,5000,,,,,,,,
belvedere skatepark,los angeles,california,los angeles,4,4914 east cesar e chavez avenue los angeles ca 90022,concrete,lawrence r moss & associates,,2007,10am-9pm,19000,,,,lights,,,,
charmette bonpua skate plaza,los angeles,california,los angeles2,,5001 rodeo rd los angeles ca,concrete,california skateparks,california skateparks,,,,,,,,,,,
diamond supply co. skate plaza,los angeles,california,los angeles3,3,2298 norfolk st los angeles ca 90033 ,concrete,california skateparks,california skateparks,2014,,10000,,,,,,,,
el sereno skatepark,los angeles,california,los angeles4,2,4721 klamath st los angeles ca 90032,prefabricated ramps,,,,,,,,,,,,,
gilbert lindsay skate plaza,los angeles,california,los angeles5,3,425 e 42nd pl los angeles ca 90011,concrete,california skateparks,california skateparks,2014,,,,,,,,,,
hollenbeck skate plaza,los angeles,california,los angeles6,,415 saint louis st los angeles ca 90033,concrete,california skateparks,california skateparks,,,13000,,,,,,,,
imperial court skate plaza,los angeles,california,los angeles7,,2250 w 114th st los angeles ca 90059,concrete,california skateparks,california skateparks,,,5300,,,,,,,,
jackie tatum skate plaza,los angeles,california,los angeles8,3,halldale ave & w 61st st los angeles ca 90047,concrete,colby carter/California skateparks,california skateparks,,,10000,,,,,,,,
lafayette skate plaza,los angeles,california,los angeles9,,625 south lafayette park place los angeles ca 90057,concrete,california skateparks,california skateparks,,,10000,,,,,,,,
lake st skatepark,los angeles,california,los angeles10,,227 n lake st los angeles ca 90026,prefabricated ramps,,,,,,,,,,,,,
lincoln park,los angeles,california,los angeles11,,3501 valley blvd los angeles ca 90031,concrete,lance mountain & california skatepark,california skateparks,,,9000,,,,,,,,
marsh creek skatepark,los angeles,california,los angeles12,,2939 marsh st los angeles ca 90039,prefabricated metal ramps,,,,,,,,,,,,,
monitor skatepark,los angeles,california,los angeles13,3,monitor ave & e 114th st los angeles ca 90059,concrete,spohn ranch,spohn ranch,2015,,6000,,,,,,,,
nickerson gardens,los angeles,california,los angeles14,,11251 compton ave los angeles ca 90059,concrete,california skateparks,california skateparks,,,5100,,,,,,,,
stoner skate plaza,los angeles,california,los angeles15,,1835 stoner ave los angeles ca 90025,concrete,california skateparks,california skateparks,,9am -9pm,20500,,,,,,,,
sunland skatepark,los angeles,california,los angeles16,2,fenwick st & foothill bvld los angeles ca 91040,prefabricated ramps,,,,,,,This skatepark costs money to skate.,,,,,,
westchester skate plaza,los angeles,california,los angeles17,,7000 w manchester ave los angeles ca 90045,concrete,california skateparks,california skateparks,,lights,13000,,,,,,,,
,los osos,california,los osos,4,2180 palisades ave los osos ca 93402,concrete,wormhoudt,wormhoudt,2005,12pm - Dusk,17000,,This skatepark costs money to skate and requires a helmet/pads,,,,,,
,loyalton,california,loyalton,2,111 beckwith rd loyalton ca 96118,concrete,,,,,,,,,,,,,
,lynwood,california,lynwood,3,11301 bullis rd lynwood ca 90262,concrete,,,,,,,,,,,,,
,madera,california,madera,3,3656 n gateway dr madera ca 93637,concrete,,,,has lights,,,,,yes,,,,
volcom brothers skatepark,mammoth,california,mammoth,5,1390 meridian blvd mammoth lakes ca 93546,concrete,grindline,grindline,2006,Dawn - Dusk,40000,,,,,,,,
,manteca,california,manteca,3,w center st & elm ave manteca ca 95336,concrete,,,,,,,,,,,,,
,marina,california,marina,3,304 hillcrest ave marina ca 93933,concrete,wormhoudt,wormhoudt,2004,9am - one hour after Dusk,11000,,,,,,,,
,mariposa,california,mariposa,3,4998-county park road mariposa ca 95338,concrete,wally holliday,california skateparks,,,8000,,,,,,,,
,martinez,california,martinez,3,243 n court st martinez ca 94553,concrete,,,,,,,,,,,,,
mather sports center skatepark,mather,california,mather,,3755 schriever ave mather ca 95655,concrete,,,,6am - 10pm,18600,,,,,,,,
benito juarez skate spot,maywood,california,maywood,2,"5515 Maywood Ave Maywood, CA 90270",concrete,spohn ranch,spohn ranch,2014,,1800,,,,,,,,
burgess skate park,menlo park,california,menlo park,3,700 alma st menlo park ca 94025,concrete,wormhoudt,wormhoudt,2005,Dawn to Dusk,14000,,,,,,,,
applegate skatepark,merced,california,merced,,678 west 18th st merced ca 95340,concrete,,,,,7500,,,,,,,,
mill valley skatepark,mill valley,california,mill valley,1,425 sycamore ave mill valley ca 94941,prefabricated ramps,,,,,,,,,,,,,
,millbrae,california,millbrae,3,poplar ave & millbrae ave millbrae ca 94030,concrete,,,2002,"summer & weekends: 8am - Dusk, school year: 12pm - Dusk",,,,,,,,,
beebe skatepark,mission viejo,california,mission viejo,,24190 olympiad road mission viejo ca 92692,concrete,,,1999,8am - Dusk,9000,,,,,,,,
modesto skatepark,modesto,california,modesto,,forest glenn drive at sylvan ave modesto ca 95355,concrete,,,,,,,,,,,,,
monrovia skatepark,monrovia,california,monrovia,3,843 e olive ave monrovia ca 91016,concrete,purkiss rose,california skateparks,,Dawn - 8pm,13000,,,,,,,,"bowl, rail, ledges, fun box, double set, metal coping"
,montclair,california,montclair,,5111 benito st montclair ca 91763,concrete,purkiss rose,california skateparks,,8 am until 10 pm,11000,,,,,,,,
russian river skatepark,monte rio,california,monte rio,,9725 main st monte rio ca 95462,concrete,wormhoudt,spohn ranch skateparks,,,,,,,,,,,
montebello skatepark,montebello,california,montebello,,1300 whittier blvd montebello ca 90640,concrete,,,,m-f 12 to Dusk s-s 10 to Dusk,,,,,,,,,
el estero skatepark,monterey bay,california,monterey bay,,777 pearl st monterey ca 93940,concrete,,,,,,,,,,,,,
poindexter skatepark,moorpark,california,moorpark,,500 poindexter avenue moorepark ca 93021,concrete,community works,california skateparks,2009,,,,,,,,,,
lamorinda skatepark,moraga,california,moraga,,1799 st mary's road moraga ca 94556,prefabricated ramps,,,,,,,This skatepark costs money to skate and requires a helmet/pads,,,,,,
moreno valley skatepark,moreno valley,california,moreno valley,,w st & sixth st moreno valley ca 92551,concrete,,,,,,,,,,,,,
morgan hill skatepark,morgan hill,california,morgan hill,,171 e edmundson avenue morgan hill california 95037,concrete,site design,california skateparks,,,12000,,This skatepark requires a helmet/pads to skate and has designated sessions for BMX/scooters,,,,,,
rockies skatepark,morro bay,california,morro bay,,231 atascadero road morro bay ca 93442,concrete,,,,,,,,,,,,,
mires's skatepark,mountain view,california,mountain view,,s rengstorff avenue & central expy,concrete,,,,,,,,,,,,,
cal oaks skatepark,murietta,california,murietta,,40606 california oaks road murrieta ca 92562,concrete,,,2008 revamp,,,,,,,,,,
,murrieta,california,murrieta,,california oaks rd & lincoln ave murrieta ca 92562,concrete,purkiss rose,california skateparks,,,7500,,,,,,,,
napa rip zone skatepark,napa,california,napa,,pearl st & west st napa ca 94558,concrete,,,1995,,8000,,,,,,,,
kennedy park,napa,california,napa2,4,2295 streblow dr napa ca 94558,concrete,california skateparks,california skateparks,2015,,30000,,,,,,,6,"rails, ledges, bowls, quarterpipes, spine, stairs, metal coping, pool coping"
needles skatepark,needles,california,needles2,3,1183 filip mendez pkwy needles ca 92363,concrete,california skateparks,california skateparks,,,10000,,,,,,,,
newbury park skatepark,newbury park,california,newbury park,2,190 north reino road newbury park ca 91320,concrete,,,2009,,9000,,,,,,,,
north hollywood skate plaza,north hollywood,california,north hollywood,,11430 chandler boulevard los angeles ca 91601,concrete,,california skateparks,2010,Dawn - Dusk,150000,,,,,,,,
doyle skatepark,norwalk,california,norwalk,2,12200 sproul st norwalk ca 90650,prefabricated ramps,,,,,,,,,,,,,
novato skatepark,novato,california,novato,,1200 n hamilton pkwy novato ca 94949,concrete,,wormhoudt,2002,10am - Dusk,15000,,,,,,,,
boys & girls club skatepark,oakhurst,california,oakhurst,,40094 indian springs road oakhurst ca 93644,concrete,,,,,,,,,,,,,
lower bob's,oakland,california,oakland,4,1822 9th st oakland ca 94607,concrete,,,,,,,This is a DIY skatepark.,,,,,,
oakland town park,oakland,california,oakland2,4,1651 adeline st oakland ca 94607,concrete,grindline,grindline,2008,,,,This skatepark received a revamp in 2015.,,,,,,
youth uprising skate plaza,oakland,california,oakland3,3,8711 macarthur blvd oakland ca 94605,concrete,site design,california skateparks,,Dawn to Dusk,19000,,,,,,,,
alex road skatepark,oceanside,california,oceanside,4,alex road & foussat road oceanside ca 92058,concrete,,,2013,,22700,,,,,,,,
bishop skatepark,oceanside,california,oceanside2,4,5306 north river road oceanside ca 92057,concrete,,grindline,2008,daylight hours,8000,,,,,,,,
john landes skatepark,oceanside,california,oceanside3,1,4125 lewis st oceanside ca 92056,concrete,,,2003,daylight hours,,,,,,,,,
libby lake skatepark,oceanside,california,oceanside4,,504 calle montecito oceanside ca 92057,concrete,,,2003,daylight hours,,,,,,,,,
martin luther king jr skatepark,oceanside,california,oceanside5,,4300 mesa dr oceanside ca 92057,concrete,,grindline,2008,daylight hours,6000,,,,,,,,
,ojai,california,ojai,3,405 e ojai ave ojai ca 93023,concrete,site design,california skateparks,2010,,11700,,,,,,,,"rails, ledges, quarterpipes, bowl, metal coping, pool coping, pyramid"
orange cove skatepark,orange cove,california,orange,,s anchor ave & parlier ave orange cove ca 93646,concrete,,site design,,12pm - 8pm,,,,,,,,,
vans skatepark,orange,california,orange2,,20 city boulevard west orange ca 92861,concrete,,rcmc california skateparks,,,46000,,,,,,,,
bedrock skate & bike park,oroville,california,oroville,,1100 feather river blvd oroville ca 95965,concrete,,altman engineering,,,14500,,,,,,,,
oxnard skatepark,oxnard,california,oxnard,3,3250 south rose ave oxnard ca,concrete,wormhoudt,california skateparks,2004,m-th 2-8 f 2-10 sat 10-10 sun 10-8,15000,,,,,,,,
pacifica skatepark,pacifica,california,pacifica,4,540 crespi drive pacifica ca 94044,concrete,,,2005,"Mon - Sat: 9am - Dusk, Sun: 10:30am - Dusk",14000,,,,,,,,
p-rod skatepark,pacoima,california,pacoima,,10731 laurel canyon blvd pacoima ca 91331,concrete,,california skateparks,2009,,,,,,,,,,
pala skatepark,pala,california,pala,4,henderson rd & pala mission rd pala ca 92059,concrete,california skateparks,california skateparks,2008,"Mon – Fri: 2pm – Dusk, Sat – Sun: 10am – 6:30pm",18000,,This skatepark has designated BMX sessions.,,,,,,"rails, stairs, bowls, ledges, pool coping, metal coping"
,palm desert,california,palm desert,,fred waring dr & san pablo ave palm desert riverside california 92260,concrete,purkiss rose,california skateparks,,6am - 10pm,10000,,,,,,,,
sunrise plaza skatepark,palm springs,california,palm springs,,4401 south pavilion way palm springs ca 92262,concrete,,,2003,12pm - 10pm,30000,,,,,,,,
chris o'leary skatepark,palmdale,california,palmdale,3,37716 55th st palmdale ca 93552,concrete,,,,6am - 10pm,,,,,lights,,,,
palmdale skatepark west,palmdale,california,palmdale2,3,39700 30th st w palmdale ca 93551,concrete,,,,10am - 9pm,,,,,lights,,,,
greer skatepark,palo alto,california,palo alto,,1098 amarillo avenue palo alto ca 94303,concrete,,,,,,,,,,,,,
cardenas skate plaza,panorama city,california,panorama city,,14740 blythe st panorama city ca 91402,concrete,california skateparks,california skateparks,,,4500,,,,,,,,
village skatepark,paramount,california,paramount,,7700 somerset ave paramount ca 90723,concrete,,,2001,,,,,,,,,,
pasadena skatepark,pasadena,california,pasadena,,45 east washington boulevard pasadena ca 91101,concrete,,,,,,,,,,,,,
,patterson,california,patterson,4,1033 w las palmas ave patterson ca 95363,concrete,wally hollyday,,2011,,14000,,,,,,,,
paragon skatepark,perris,california,perris,2,333 placentia ave perris ca 92571,prefabricated ramps,,,,Dawn - Dusk,,,,,,,,,
petaluma skatepark,petaluma,california,petaluma,,east washington st & fairgrounds drive petaluma ca 94952,concrete,,,,,,,,,,,,,
ramp rats skatepark,petaluma,california,petaluma2,,1004 lakeville st petaluma ca 94952,concrete,,,,,8000,,,,,,,,
pico rivera skatepark,pico rivera,california,pico rivera,,6016 rosemead blvd pico rivera ca 90660,concrete,,,,10-Dusk,10000,,,,,,,,
piedmont skatepark,piedmont,california,piedmont,,moraga ave & red rock rd piedmont ca 94618,concrete,,,,,,,,,,,,,
,placerville,california,placerville,3,216 armory rd placerville ca 95667,concrete,site design,california skateparks,,,18500,,,,,,,,
pleasanton skatepark,pleasanton,california,pleasanton,,hopyard road & parkside drive pleasanton ca 94588,concrete,,,,,,,,,,,,,
pleasanton skatepark #2,pleasanton,california,pleasanton2,,stoneridge dr & johnson dr pleasanton ca 94566,concrete,,,,,18000,,,,,,,,
nike/la84 skate plaze,pocoima,california,pocoima,,10731 laurel canyon blvd pocoima ca,concrete,california skateparks/lance mountain,california skateparks,,,12000,,,,,,,,
martin luther king skatepark,pomona,california,pomona,,e lexington & white ave pomona ca 91766,concrete,purkiss rose,california skateparks,,,11000,,,,,,,,
palomares skatepark,pomona,california,pomona2,,499 e arrow hwy pomona ca 91767,concrete,,,,,,,,,,,,,
,porterville,california,porterville,,1501 west henderson ave porterville ca 93257,concrete,site design,california skateparks,,,15000,,,,,,,,
poway skatepark,poway,california,poway,4,13090 civic center drive poway ca 92064,concrete,wormhoudt,california skateparks,2003,8am - 9:30pm,14400,,,,,,,,
,quincy,california,quincy,3,1304 pioneer rd quincy ca 95971,concrete,,,2003,9am - Dusk,11000,,,,,,,,
mathers skate plaza,rancho cordova,california,rancho cordova,,3755 schriever ave rancho cordova ca 95655,concrete,site design,california skateparks,,,10000,,,,,,,,
,rancho cuamonga,california,rancho cuamonga,2,7730 spruce ave rancho cucamonga ca 91730,concrete,purkiss-rose,,,8am - Dusk,9000,,,,,,,,
,rancho santa margarita,california,rancho santa margarita,3,24328 antonio pkwy rancho santa margarita ca 92688,concrete,,,,Dawn - Dusk,,,,,,,,,
,red bluff,california,red bluff,3,700 diamond ave red bluff ca 96080,concrete,,,,8am - Dusk,,,,,,,,,
,redding,california,redding,3,12 quartz hill rd redding ca 96003,concrete,,,,,,,,,,,,,
phil shao memorial skatepark,redwood city,california,redwood city,3,red morton rd & valota rd redwood city ca 94061,concrete,,,,Dawn - Dusk,,,,,,,,,"bowl, ledges"
fergusson skatepark,rialto,california,rialto,4,2474 w casa grande dr rialto ca 92377,concrete,spohn ranch,spohn ranch,2012,,16000,,,,,,,,"pole jam, quarterpipe, bowl, pool coping, metal coping, stairs, ledges, rails, euro-gap"
rialto skatepark,rialto,california,rialto2,3,201 n willow ave rialto ca 92376,concrete,,,,,,,,,,,,,"stairs, rails, ledges, manual pad, quarterpipes, pyramid, hips, metal coping"
nicholl skatepark,richmond,california,richmond,3,3230 macdonald ave richmond ca 94804,concrete,pillar design studios,,2009,,10000,,,,,,,,"quarterpipe, pyramid, ledges, rails, mini-ramp, metal coping"
,ridgecrest,california,ridgecrest,3,french ave & la mirage ln ridgecrest ca 93555,concrete,,,,,,,,,,,,,"quarterpipe, rails, stairs, hips, pyramid, ledges, bowl, metal coping"
,rio vista,california,rio vista,1,industrial ct & poppy house rd rio vista ca 94571,prefabricated ramps,,,,,,,,,,,,,
curt pernice skatepark,ripon,california,ripon,4,1350 hughes ln ripon ca 95366,concrete,team pain,team pain,2001,Dawn - Dusk,,,,,,,,,"quarterpipes, hips, pyramid, spine, metal coping"
,riverbank,california,riverbank,3,1st st & santa fe ave riverbank ca 95367,concrete,,,,Dawn - Dusk,,,,,,,,,"stairs, rails, quarterpipes, pyramid, ledges, bowl, metal coping"
bobby bonds skatepark,riverside,california,riverside,2,"11th st and douglass ave, riverside, CA",prefabricated ramps,,,,,,,,,lights,,,,"mini-ramp, pyramid, stairs, rails, ledges, picnic table, manual pad"
hunt park,riverside,california,riverside2,3,4015 jackson st riverside ca 92503,concrete,,,,7am - 9pm,,,,,lights,,,,"pyramid, stairs, rails, ledges, mini ramp"
deleo sports park,corona,california,corona,2,santiago canyon rd & sunflower ln corona ca 92883,concrete,spohn ranch,spohn ranch,2012,,4000,"listed as temescal skate spot, riverside on CD",,,lights,,,,"ledges, rail, gap, quarterpipe, fun box"
jurupa skatepark,riverside (jurupa),california,riverside (jurupa),3,4810 pedley rd riverside ca 92509,concrete,lawrence r moss & associates,california skateparks,,8am - 10pm,16000,,,,lights,,,,"rails, pyramid, stairs, ledges, bowl, metal coping"
,rocklin,california,rocklin,3,farron st & c st tocklin ca 95677,concrete,wormhoudt,wormhoudt,1999,Dawn - One hour after Dusk,8000,,,,,,,,"rails, ledges, quarterpipes, pyramid"
maidu skatepark,roseville,california,roseville,2,maidu dr & rocky ridge dr roseville ca 95661,concrete & prefabricated ramps,,,,,,check to see if this thing still exists,,,,,,,"pyramud, rails, ledges"
28th & b skatepark,sacramento,california,sacramento,3,28th st & b st sacramento ca 95816,wood/Skatelite,,,,,,,This is an indoor skatepark that costs money to skate.,,,,,,"bowl, quarterpipes, fun box, rails, metal coping"
granite skatepark,sacramento,california,sacramento2,4,e cucamonga ave sacramento ca 95814,concrete,california skateparks/Wally hollyday,california skateparks/Wally hollyday,,,50000,,,,,,,,
mcclatchy skatepark,sacramento,california,sacramento3,3,3500 5th ave sacramento ca 95817,concrete,spohn ranch,spohn ranch,2014,,7000,,,,,,,,"rails, ledges, quarterpipes"
tanzanite skatepark,sacramento,california,sacramento4,3,tanzanite ave & blisted way sacramento ca 95834,concrete,wally hollyday,wally hollyday,2006,,16000,,,,,,,,"rails, stairs, ledges, bowls"
baer skatepark,sacramento,california,sacramento5,2,7851 35th ave sacramento ca 95824,prefabricated ramps,,,,,,,,,,,,,"quarterpipes, pyramid, ledge"
artivio guerrero park,sacramento,california,sacramento6,2,6000 61st st sacramento ca 95824,concrete,spohn ranch,spohn ranch,2014,,3000,,,,,,,,"curved rails, ledges, manual pad, quarterpipe"
orchard skatepark,sacramento,california,sacramento7,2,2936 w river dr sacramento ca 95833,prefabricated ramps,,,,,,,,,,,,,"mini-ramp, pyramid"
regency community skatepark,sacramento,california,sacramento8,2,5500 honor pkwy sacramento ca 95835,prefabricated ramps,,,,,,,,,,,,,"mini-ramp, pyramid"
reichmuth skatepark,sacramento,california,sacramento9,2,6135 gloria dr sacramento ca 95831,prefabricated ramps,,,,,,,,,,,,,"mini-ramp, pyramid"
robertson skatepark,sacramento,california,sacramento10,2,silver eagle rd & norwood ave sacramento ca 95838,prefabricated ramps,,,,,,,,,,,,,"rails, pyramid, mini-ramp"
robla community skatepark,sacramento,california,sacramento11,2,625 bell ave sacramento ca 95838,prefabricated ramps,,,,,,,,,,,,,"quarterpipe, pyramid, ledge"
warren skatepark,sacramento,california,sacramento12,2,7420 vandenberg dr sacramento ca 95820,prefabricated ramps,,,,,,,,,,,,,"pyramid, quarterpipes, rails ledge, mini ramp"
wild rose skatepark,sacramento,california,sacramento13,,5200 kankakee dr sacramento ca 95835,concrete,wormhodt,,2014,,,its new check back for deets,,,,,,,snakerun
winner's circle skatepark,sacramento,california,sacramento14,2,2415 evergreen st sacramento ca 95815,prefabricated ramps,,,,,,,,,,,,,quarterpipes
,salinas,california,salinas,2,704 las casitas dr salinas ca 93906,concrete,wormhoudt,wormhoudt,1999,,15000,,,,,,,,"quarterpipe, pyramid, rail, ledge"
blair skatepark,san bernardino,california,san bernardino,3,1424 w marshall blvd san bernardino ca 92405,concrete,,,,,,,,,,,,,"bowl, stairs, ledge, rails, pyramid, quarterpipe"
speicher park,san bernardino,california,san bernardino2,1,1535 arden ave san bernardino ca 92404,prefabricated ramps,,,,,,,,,,,,,
,san clemente,california,san clemente3,3,241 avenida la pata san clemente ca 92673,concrete,,,,Dawn - Dusk,,,,,,,,,"quarterpipe, rails, pyramid, ledges, metal coping"
society indoor skatepark,san carlos,san carlos,san carlos,,850 e san carlos ave san carlos ca 94070,wood,,,,Designated session times. Check website for details,,,This is a private skatepark.  It may cost money to skate and a helmet/pads are required,,,,,,"mini ramp, pyramid, ledges, quarterpipes, metal coping"
mission valley YMCA,san diego,california,san diego,4,3401 clairemont dr san diego ca 92117,concrete & wood,,,,Designated session times. Check with YMCA for details,,,This is a private skatepark.  It costs money to skate and a helmet/pads are required  ,,,,,,"bowls, vert ramp, quarterpipes, rails, ledges, metal coping, pool coping"
carmel valley skatepark,san diego,california,san diego2,4,12778 el camino real carmel valley sa diego ca 92130,concrete,SITE deisgn,,2008,10am - 8pm,13500,lights,,,,,,,"ledges, stairs, rail, bowl, quarterpipes, banks, metal coping, pool coping"
campland on the bay skatepark,san diego,california,san diego3,3,2211 pacific beach dr san diego ca 92109,concrete,,,,,,,,,,,,,
charles l lewiss iii memorial skatepark,san diego (paradise hills),california,san diego4,3,6759 paradise valley rd san diego ca 92139,prefabricated ramps,,,,,,,This is a private skatepark available only to those staying at the campground,,,,,,"mini-ramp, ledges, pyramids, rails, quarterpipes, metal coping"
salvation army kroc center skatepark,san diego,california,san diego5,3,6845 university ave san diego ca 92115,wood/Skatelite,,,,,,,"This is a private, indoor skatepark. It costs money to skate and a helmet/pads are required.",,,,,,
memorial skatepark,san diego,california,san diego6,3,702 s 30th st san diego ca 92113,concrete,,,,,,,,,,,,,"quarterpipes, bowl, metal coping, pool coping"
rancho penasquitos,san diego,california,san diego7,2,carmel mountain rd & freedport rd san diego ca 92129,concrete,,,,,23000,,,,,,,,"hips, ledges, pyramids, stairs, rails, quarterpipes, spine, picnic table, metal coping"
washington street,san diego,california,san diego8,5,w washington st & frontage rd san diego ca 92101,concrete,,,,,,,This is a DIY skatepark,,,,,,
lemon grove skate spot,lemon grove,california,lemon grove,1,school ln & central ave lemon grove ca 91945,concrete,,,,,,,,,,,,,"pole jam, rails, ledges"
ocean beach skatepark,san diego,california,san diego9,3,sunset cliffs blvd & ocean beach fwy san diego ca 92107,concrete,SITE design,,2000,,,,,,,,,,"ledges, banks, hips, rails, quarterpipes, metal coping, pyramids"
tierrasanta damato skatepark,san diego,california,san diego10,2,4580 shields st san diego ca 92124,concrete,,,,,,,,,,,,,"stairs, quarterpipes, ledges"
,san dimas,california,san dimas,2,w commercial st & s cataract ave san dimas ca,concrete,purkiss rose,california skateparks,,7am - Dusk,8500,,,,,,,,"pyramid, ledges, rails, quarterpipe, spine, bowl, metal coping, euro gap"
balboa skatepark,san francisco,california,san francisco,3,ocean ave & san jose ave san francisco ca 94112,wood,,,2012,,,,,,,,,,"bowl, hips, quarterpipes, rail, ledges"
crocker amazon,san francisco,california,san francisco2,3,1700 geneva ave san francisco ca 94134,concrete,,,,,,,,,,,,,"pyramid, bowl, ledges, metal coping"
flower shop,san francisco,california,san francisco3,4,LOCALS ONLY,concrete,,,,,,,This is a DIY skatepark,,,,,,
potrero del sol skatepark,san francisco,california,san francisco4,4,1361 potrero ave san francisco ca 94110,concrete,dreamland,dreamland,2009,lights til 9pm,16000,,,,lights,,,,"bowl, pyramid, quarterpipes, tombstone, rail, ledges, euro-gap, noping, metal coping, pool coping"
soma skatepark,san francisco,california,san francisco5,4,duboce ave & stevenson st san francisco ca 94103,concrete,newline,"Trinet Construction, Inc.",2014,9am - 9pm,,,,,lights,,,,"rails, ledges, stairs, pyramid, quarterpipes, banks, metal coping"
great oaks,san jose,california,san jose,2,snow dr & battle dance st san jose ca 95111,concrete,,,,,,,,,,,,,"rails, ledges, pyramid, quarterpipes, fun box, stairs, metal coping"
lake cunningham regional skatepark,san jose,california,san jose2,4,2305 s white rd san jose ca 95148,concrete,wormhoudt,california skateparks,2008,,67000,,This skatepark costs money to skate and a helmet/pads are required,,,,,,"bowls, fullpipe, cradle, pyramids, rails, wallride, rails, stairs, euro-gap, ledges, metal coping, pool coping"
mayfair park,san jose,california,san jose3,3,2039 kammerer ave san jose ca95116,concrete,site design,,,Dawn - Dusk,10000,,,,,,,,"stairs, ledges, rails, pyramids, wallride, fun box, quarterpipes, metal coping"
plata arroyo,san jose,california,san jose4,2,168 n king rd san jose ca 95116,concrete,,,,,,,,,,,,,"stairs, rails, ledges, pyramids, bowls, quarterpipes, metal coping"
roosevelt park,san jose,california,san jose5,3,n 21st st & n 20th st san jose ca 95116,concrete,,,,,,,,,,,,,"bowl, ledges, stairs, quarterpipes, euro gap, pool coping, metal coping"
stonegate park,san jose,california,san jose6,3,apollo dr & gassmann dr san jose ca 95121,concrete,,,,,,,,,,,,,"quarteripes, pyramid, rail, ledges, metal coping"
thrasher park,san leandro,california,san leandro,2,w estudio ave & orchard ave san leandro ca 94577,concrete,,,,,,,,,,,,,"quarteripes, pyramid, ledge, metal coping"
jack holland sr. park,san leandro,california,san leandro2,2,e 14th st & 163rd ave san leandro ca 94578,concrete,,,2011,,,,,,,,,,"ledges, stairs, rail, bank, pyramid"
arroyo skate park,san lorenzo,california,san lorenzo,2,nielson ave & devonwood way san lorenzo ca 94580,prefabricated ramps,,,,,,,,,,,,,"quarterpipe, stairs, pyramid rails"
santa rosa skatepark,san luis obispo,california,san luis obispo,4,montalban st & oak st san luis obispo ca 93405,concrete,wormhoudt,,2015,,15000,,,,,,,,"pyramid, banks, stairs, rails, ledges, bowls, metal coping, pool coping"
hollandia park,san marcos,california,san marcos,2,12 mission hills ct san marcos ca 92069,concrete & prefabricated ramps,,,,,,,,,lights,,,,"pyramid, rails, ledges, quarterpipes, metal coping"
,san mateo,california,san mateo,2,950 ocean view san mateo ca 94401,concrete,,,,,,,,,,,,,"ledges, rails, fun box"
channel street,san pedro,california,san pedro,4,610 w channel st san pedro ca 90731,concrete,,,2004,Dawn - Dusk,,,This is a DIY skatepark,,,,,,"bowls, pool coping, metal coping"
mcInnis skatepark,san rafael,california,san rafael,3,285 smith ranch rd san rafael ca 94903,concrete,kevin j. thatcher,ghilotti bros.,2004,9am - Dusk,25000,cost $1.6 million,,,,,,,"bowls, wallrides, rails, ledges, stairs, metal coping"
,san ramon,california,san ramon,,bollinger canyon rd & market pl san ramon ca 94583,concrete,purkiss rose,,,,,,,,,,,,
,sanger,california,sanger,,recreation ave & 7th st sanger ca 93657,concrete,wormhoudt,,2010,,20000,,,,,,,,
santa ana skatepark,santa ana,california,santa ana,,3000 w edinger ave santa ana ca 92704,concrete,,,,7am - Dusk,,,,,,,,,
skaters point skatepark,santa barbara,california,santa barbara,3,138 e cabrillo blvd santa barbara ca 93101,concrete,,,2000,8am - Dusk,14600,,,,,,,,
,santa clarita,california,santa clarita,3,20850 centre pointe pkwy santa clarita ca 91350,concrete,site design,california skateparks,,,40000,,"BMX bike riding is allowed here. As a result, much of the coping on the quarterpipes is damaged.",,,,,,
derby park,santa cruz,california,santa cruz,4,508 woodland way santa cruz ca 95608,concrete,ken wormhoudt,,1976,Dawn - Dusk,4000,,,,,,,,
mike fox park skatepark,santa cruz,california,santa cruz2,4,225 san lorenzo blvd santa cruz ca 95060,concrete,wormhoudt,wormhoudt,2007,9am - Dusk,15000,,,,,,,,
fletcher park,santa maria,california,santa maria,2,2200 s college dr santa maria ca 93455,prefabricated ramps,,,,,,,,,,,,,"miniramp, rails, pyramid, quarterpipes, metal coping"
YMCA,santa maria,california,santa maria2,2,3400 skyway dr santa maria ca 93455,prefabricated ramps,,,,,,,This is a private skatepark that costs money to skate and requires a helmet/pads. There are designated session times.,,,,,,"miniramp, quarterpipes, pyramid, ledges, rails, stairs, metal coping"
one way board shop,santa maria,california,santa maria3,3,250 town center e santa maria ca 93454,indoor ramps,,,2013,,,,"This is a private, indoor skatepark.  It costs money to skate and a helmet/pads are required.",,,,,,
,santa monica,california,santa monica,,olympic blvd & 14th st santa monica ca 90404,concrete,california skateparks,california skateparks,2005,,20000,,,,,,,,
,santa paula,california,santa paula,3,114 s 10th st santa paula ca 93060,concrete,,,,,,,,,,,,,"pyramid, bowl, quarterpipes, ledges, rails, stairs, metal coping, pool coping"
,santa rosa,california,santa rosa,2,1500 fulton rd santa rosa ca 95403,concrete,,,,,,,,,,,,,
,santee,california,santee,3,10250 woodglen vista dr santee ca 92071,concrete,,,,This skatepark has odd hours with designated BMX sessions.  Check with the city for details.,,,,,,,,,"rails, ledges, stairs, quarterpipes, pyramid, metal coping"
tim brauch memorial skatepark,scotts valley,california,scotts valley,4,361 kings village rd scotts valley 95066,concrete,wormhoudt,wormhoudt,2004,7am - Dusk,20000,,,,,,,,"bowl, ledges, rail, pyramid, banks, pool coping, metal coping"
,sebastopol,california,sebastopol,4,laguna park way & flynn st sebastopol ca 95472,concrete,wormhoudt,,2008,,15000,,There is a police station nearby and police have been known to give tickets if you don't have a helmet,,,,,,
berry park,selma,california,selma,,whitson & 2nd st selma ca 93662,concrete,site design,california skateparks,,,,,,,,,,,
,shafter,california,shafter,1,698 e ash ave shafter ca 93263,prefabricated ramps,,,,,,,,,,,,,"quarterpipes, pyramid, rails, ledge, metal coping"
shastice park,mount shasta,california,mount shasta,4,800 rockfellow dr mt shasta ca 96067,concrete,wally hollyday,wally hollyday,,,11000,,,,,,,6,"bowl, bank to wall, quarteripes, rails, ledges, pole jam, rock gap, banks, metal coping, pool coping"
,shasta lake,california,shasta lake,,front st & grand river ave shasta lake 96019,,,,,,,,,,,,,,"pyramid, quarterpipes, ledges, metal coping"
skatelab,simi valley,california,simi valley,4,4226 valley fair st simi valley 93063,wood,,,,Designated session times. Check with Skatelab for details.,,,"This is a private, indoor skatepark. It costs money to skate and a helmet/pads are required.",,,,,,"bowl, banks, quarterpipes, ledges, rails, stairs, metal coping"
,soledad,california,soledad,1,andalucia dr & ticino St soledad ca,prefabricated ramps,,,,,,,,,,,,,
hans christian anderson park,solvang,california,solvang,3,633 chalk hill rd solvang ca 93463,concrete,california skateparks,california skateparks,,,14000,,,,,,,,
,sonoma,california,sonoma,2,main st & verano ave sonoma ca 95476,concrete,,,,,,,,,,,,,"bowls, quarterpipes, metal coping, rail, stairs"
,sonora,california,sonora,2,330 greenley rd sonora ca 95370,concrete,,,,Dawn - Dusk,,,,,,,,,"quarterpipes, rails, pyramid, ledges"
,south gate,california,south gate,2,"9520 hildreth ave south gate, ca 90280",concrete,,,,,,,,,,,,,"rails, stairs, ledges, quarterpipes, pyramid, spine, metal coping"
bijou skatepark,south lake tahoe,california,south lake tahoe,3,1201 al tahoe blvd south lake tahoe ca 96150,concrete,,,,,,,,,,,,,"quarterpipes, pyramid, rail"
skate house skatepark,south lake tahoe,california,south lake tahoe2,,867 eloise ave south lake tahoe ca 96150,wood,,,,,,,"This is a private, indoor skatepark.  It costs money to skate and a helmet/pads are required.",,,,,,"bowl, pool coping, metal coping"
woodward tahoe,soda springs (tahoe),california,soda springs,3,19749 Boreal Ridge rd soda springs 95728,concrete & wood,california skateparks,california skateparks,,,15000,,This is a private skatepark that costs money to skate. Check with Woodward for details.,,,,,,"quarterpipes, rails, ledges, gap, doorway"
,south pasadena,california,south pasadena,2,660 stoney dr south pasadena 91030,prefabricated ramps,,,,This skatepark has odd hours.  Check with the city for details.,,,,,,,,,"pyramid, rail, mini ramp, quarterpipes, bank"
,st helena,california,st helena,5,360 crane ave saint helena ca 94574,concrete,grindline,grindline,2009,8am - Dusk,18000,,,,,,,,"bowls, rails, ledges, quarterpipes, metal coping, pool coping"
camp woodward west,tehachapi,california,stallion springs,,28400 stallion springs dr tehachapi ca 93561,concrete,,,,,,,,,,,,,"rail, quarterpipes, hips, ledges"
anderson park,stockton,california,stockton,3,6137 n el dorado st stockton ca 95207,concrete,,,2000,,,,,,,,,,
sheldon,sun valley (los angeles),california,sun valley (los angeles),3,sheldon st & remick ave sun valley ca 91352,concrete,california skateparks,california skateparks,2014,,25000,,,,,,,,"rails, stairs, ledges, quarterpipes"
,sunnyvale,california,sunnyvale,4,540 n fair oaks ave sunnyvale ca 94085,concrete,wormhoudt,wormhoudt,2003,,18000,,,,,,,,"stairs, ledge, rails, bowls, metal coping, pool coping"
,taft,california,taft,3,203 s 10th st taft ca 93268,concrete,,,,Dawn - 10pm,12000,,,,yes,,,,"stairs, ledges, rails, quarterpipes, metal coping"
ollie mountain,tehachapi,california,tehachapi,2,490 w d st tehachapi ca 93561,prefabricated ramps,,,,This skatepark has odd hours.  Check with the city for details,11000,,,,,,,,"pyramid, rails, ledges, mini ramp, quarterpipes, metal coping"
ronald reagan sports park,temecula,california,temecula,2,42569 margarita rd temecula ca 92592,concrete,,,,This skatepark has odd hours.,,,This skatepark costs money to skate (more if you are from out of town) and requires a helmet/pads.,,,,,,"stairs, ledges, pyramids, hips, quarterpipes, metal coping"
,templeton,california,templeton,3,s main st & 6th st templeton ca 93465,concrete,,,,8am - Dusk,,,,,,,,,"ledges, pyramids, quarterpipes, quarterpipes, bowl, rail, metal coping"
el pescadero skate track,tracy,california,tracy,2,2399 parker ave tracy ca 95376,concrete,,,,,,,,,,,,,"pyramid, ledges, quarterpipes, metal cpoing"
,truckee,california,truckee,3,10695 brockway rd truckee ca 96161,concrete,,,,,,,,,,,,,"bowl, pyramids, ledges, metal coping"
,tulare,california,tulare,4,85 w tulare ave tulare ca 93274,concrete,wally holliday,california skateparks,2008,,25000,,,,,,,,"rails, ledges, stairs, pyramid, bowls, metal coping"
,twentynine palms,california,twentynine palms,2,74362 joe davis dr twentynine palms ca 92277,concrete & prefabricated ramps,,,,,,,,,,,,,"rails, stairs, ledges, pyramids, quarterpipes"
,ukiah,california,ukiah,4,1041 low gap rd ukiah ca 95482,concrete,wormhoudt,wormhoudt,2011,,20000,,,,,,,,"stairs, rails, ledges, banks, pyramid, quarterpipes, bowls, metal coping, pool coping"
,union city,california,union city,2,arizona st & royal ann dr union city ca 94587,concrete,,,,,,,This skatepark is located right next to a police station,,,,,,"rails, stairs, ledges, quarterpipes, metal coping"
,upland,california,upland,4,1323 e san bernardino rd upland ca 91786,concrete,purkiss rose,california skateparks,,,13000,,,,,,,,"rails, ledges, stairs, banks, bowl, fullpipe, metal coping"
,vacaville,california,vacaville,2,1104 alamo dr vacaville ca 95687,concrete,,,,,,,,,,,,,"rail, ledges, banks, quarterpipes, metal coping"
wardlaw skatepark,vallejo,california,vallejo,3,1805 ascot pkwy vallejo ca 94591,concrete & prefabricated ramps,site design,,,Dawn - Dusk,6884,,,,,,,,"miniramp, pyramid, rails, bowl, quarterpipes, metal coping"
valley center skate spot,valley center,california,valley center,4,28146 lilac rd valley center ca 92082,concrete,,,,,,,This is a DIY skatepark,,,,,,"quarterpipes, barrier, spine, rail, ledges, pole jam, metal coping, pool coping"
,venice,california,venice,4,1800 ocean front walk venice beach ca,concrete,wormhoudt,california skateparks,,,16000,,,,,,,,
hobert,ventura,california,ventura,3,telegraph rd & cambria ave ventura ca 93004,concrete,,,,,,,,,,,,,"bowl, wallride, rail"
pacific,ventura,california,ventura2,2,dean dr & chapel dr ventura ca 93003,concrete,,,,,,,,,,,,,"bowl, ledges"
westpark,ventura,california,ventura3,2, 450 w harrison ave ventura ca 93001,concrete,,,,,,,,,,,,,"bowl, ledges, wallride, fun box, rail"
provident skatepark,visalia,california,visalia,3,345 n jacob st visalia ca 93291,concrete,,,,6am - 10pm,24000,,,,yes,,,,"pyramid, bowl, ledges, rail, quarterpipes, hips, banks, metal coping"
aura skatepark,vista,california,vista2,4,1074 la mirada ct vista ca 92081,wood,jim bell,jim bell,2007,,,"This is a private, indoor skatepark.  It costs money to skate and a helmet/pads are required",,,yes,,,,"bowl, quartperipes, pyramid, quarterpipes, rails, ledges, metal coping, pool coping"
,walnut creek,california,walnut creek,3,marchbanks dr & heather dr walnut creek ca 94598,concrete,,,,Lights til 9pm,,,,,yes,,,,"pyramid, stairs, ledges, rail, bowl, quarterpipes, metal coping"
ramsay park,watsonville,california,watsonville,2,30 harkins slough rd watsonville ca 95076,prefabricated ramps,,,,,,,,,,,,,"miniramp, pyramid, rails, spine, metal coping"
monitor park,los angeles (watts),california,watts,3,e 114th st & monitor ave los angeles ca 90059,concrete,spohn ranch,spohn ranch,2014,,6000,,,,,,,,"ledges, hips, rail, stairs, quarterpipes, metal coping"
WLCAC skatepark,los angeles (watts),california,watts2,3,,concrete,spohn ranch,spohn ranch,2010,,4000,,,,,,,,"stairs, rails, ledges, quarterpipes, bank, metal coping"
,weed,california,weed,3,1299 railroad ave weed ca 96094,concrete,,,,,,,,,,,,,"bowl, ledges, rail, lumps, quarterpipes"
orangewood skatepark,west covina,california,west covina,3,1615 w merced ave west covina ca 91790,concrete,,,,,,,,,yes,,,,"pyramids, rails, ledges, quarterpipes, stairs, double set, metal coping"
,westlake village,california,westlake village,3,31107 thousand oaks blvd westlake village ca 91362,concrete,spohn ranch,spohn ranch,2015,,,,,,,,,,"bowl, quarterpipes, hips, gap, ledges, rails, metal coping"
liberty skatepark,westminster,california,westminster,,13900 monroe st westminster ca 92683,concrete,purkiss rose,california skateparks,,,10000,,,,,,,,
,whittier,california,whittier,,7630 washington ave whittier ca 90602,concrete,purkiss rose,california skateparks,,,9000,,,,,,,,
,willits,california,willits,4,1022 e commercial st willits ca 95490,concrete,wormhoudt,wormhoudt,2004,,18500,,,,,,,,"stairs, rails, ledges, quarterpipes, metal coping"
ambassador skatepark,wilmington,california,wilmington,2,325 neptune ave wilmington ca 90744,concrete,spohn ranch,spohn ranch,2008,,10000,,,,,,,,
pat elsbree skatepark,windsor,california,windsor,3,9500 brooks rd s windsor ca 95492,concrete,,,,8:30am - Dusk,,,,,,,,,"rail, pyramid, ledges, bowl quarterpipes, metal coping"
,yreka,california,yreka,1,w miner st & s west st yreka ca 96097,prefabricated ramps,,,,,,,,,,,,,
,yuba city,california,yuba city,3,810 gray ave yuba city ca 95991,concrete,wormhoudt,wormhoudt,1996,,14000,,,,,,,,"quarterpipes, taco, fun box, stairs, bowl"
,yucaipa,california,yucaipa,3,11937 13th st yucaipa ca 92399,concrete,,,,,,,,,,,,,"rails, quarterpipes, ledges, pyramids, metal coping"
,yucca valley,california,yucca valley,2,antelope trail & dumosa ave yucca valley ca 92284,concrete,,,,,,,,,,,,,
,adams,oregon,adams,,morrison st & commercial st adams or 97810,concrete,dreamland,dreamland,,,,,,,,,,,
,albany,oregon,albany,,1375 se 6th ave albany or 97321,concrete,eric dawkins & great american skateparks,eric dawkins & great american skateparks,,,15000,,,,,,,,
ashland skatepark,ashland,oregon,ashland,3,w hersey st & water st ashland or 97520,concrete,eric dawkins & great american skateparks,eric dawkins & great american skateparks,,,15000,,,,,,,,
,ashland,oregon,ashland2,,,concrete,,,,,,,,,,,,,
tapiola park,astoria,oregon,astoria,5,900 w marine dr astoria or 97103,concrete,dreamland,dreamland,,Dawn - Dusk,11000,,,,,,,,
,athena,oregon,athena,,e main st & s 1st st athena or 97813,concrete,,,,,4000,,,,,,,,
brian haney memorial skatepark,aumsville,oregon,aumsville,5,,concrete,dreamland,dreamland,2000,lights 24 hours,8000,,,,,,,,
sam-o skate park,baker city,oregon,baker city,2,500 baker st baker city or 97814,concrete,city of baker city,,,,6000,,,,,,,,
,bandon,oregon,bandon,,,concrete,,,,,,,,,,,,,
,bay city,oregon,bay city,,4th st & a st bay city or 97107,concrete,dreamland,dreamland,,,,,,,,,,,
schiffler park,beaverton,oregon,beaverton,,,concrete,,,,,,,,,,,,,
tualatin hills park,beaverton,oregon,beaverton2,3,50 nw 158th ave beaverton or 97006,concrete,grindline,grindline,,,18000,,,,,,,,
ponderosa park,bend,oregon,bend,,225 se 15th st bend or 97702,concrete,wormhoudt,wormhoudt,,,11500,,,,,,,,
truck stop skate park,bend,oregon,bend2,,1307 northeast 1st st bend or 97701,concrete,indoor park,indoor park,,,,,,,,,,,
,boardman,oregon,boardman,,198 3rd st ne boardman or 97818,prefabricated ramps,,,,,,,,,,,,,
,brookings,oregon,brookings,4,hassett st & 3rd st brookings or 97415,concrete,dreamland,dreamland,,,8000,,,,,,,,
,burns,oregon,burns,,,concrete,,,,,,,,,,,,,
,canby,oregon,canby,,1175 nw 3rd ave canby or 97013,concrete,,buzzy morales construction,,,11000,,,,,,,,
,cannon beach,oregon,cannon beach,,e gower ave & evergreen ave cannon beach or 97145,concrete,placed to ride,placed to ride,,,6000,,,,,,,,
,carlton/carlson,oregon,carlton/carlson,,,concrete,,,,,,,,,,,,,
,cave junction,oregon,cave junction,,,concrete,,,,Dawn - Dusk,,,,,,,,,
joel tanzi skatepark,cenral point,oregon,cenral point,,403 s 4th st central point or 97502,concrete,purkiss rose,purkiss rose,,,6500,,,,,,,,
,clakamas,oregon,clakamas,,,concrete,,,,,,,,,,,,,
,clatskanie,oregon,clatskanie,,ne 5th st & park st clatskanie or 97016,concrete,,,,,10000,,This skatepark requires a helmet/pads to skate,,,,,,
mingus park,coos bay,oregon,coos bay,4,n 8th st & commercial ave coos bay or 97420,concrete,liquid stone designs,liquid stone designs,,,8000,,,,,,,,
,coos bay,oregon,coos bay2,,,concrete,,,,,,,,,,,,,
,corbett,oregon,corbett,,,concrete,,,,,,,,,,,,,
eric scott mckinley skatepark,corvallis,oregon,corvallis,,junction of highway 30 99 & 20 corvallis or 97333,concrete,,buzzy morales construction,,8am - 10pm,14000,,,,,,,,
,cottage grove,oregon,cottage grove,,s gateway blvd & taylor ave cottage grove or 97424,concrete,,,2004,,5000,,,,,,,,
,dallas,oregon,dallas,,se walnut ave & se lacreole dr dallas or 97338,concrete,,,,,,,,,,,,,
,depoe bay,oregon,depoe bay,,,concrete,,,,,,,,,,,,,
,donald,oregon,donald,4,main st ne & matthieu st donald or 97020,concrete,dreamland,dreamland,2001,,2500,,,,,,,,
,echo,oregon,echo,,n front st & main st echo or 97826,concrete,grindline,grindline,,9am - 8pm,,,,,,,,,
,enterprise,oregon,enterprise,,,concrete,,,,,,pos,,,,,,,
,estecada,oregon,estecada,,,concrete,,,,,,,,,,,,,
amazon park,eugene,oregon,eugene,1,2580 hilyard st eugene or 97405,concrete,,,1991,,,,,,,,,,
bethel skatepark,eugene,oregon,eugene2,3,jeffrey way & haviture way eugene or 97402,concrete,airspeed skateparks,airspeed skateparks,2002,,8000,,,,,,,,
cal young park,eugene,oregon,eugene3,2,gilham rd & crescent ave eugene or 97408,concrete,,,2001,,6000,,,,,,,,
churchil skatepark,eugene,oregon,eugene4,3,bailey hill rd & westleigh st eugene or 97405,concrete,eric dawkins & great american skateparks,eric dawkins & great american skateparks,2000,,8500,,,,,,,,
emerald skatepark,eugene,oregon,eugene5,2,1400 lake dr eugene or 97404,concrete,,,,,5000,in progress,,,,,,,
shelter skatepark,eugene,oregon,eugene6,,,concrete,,,,,,indoor,This is an indoor skatepark,,,,,,
trainsong skatepark,eugene,oregon,eugene7,,2771 edison st eugene or 97402,prefabricated ramps,,,2003,,4000,,,,,,,,
miller park,florence,oregon,florence,,oak st & 18th st florence or 97439,concrete,airspeed skateparks,airspeed skateparks,september/october '04,,12000,,,,,,,,
lincoln park,forest grove,oregon,forest grove,,2725 main st forest grove or 97116,concrete,site design,,2004,9am - One Hour After Dusk,18000,,,,,,,,
bullfrog skate park,gold beach,oregon,gold beach,,hwy 101 & ellensburg ave gold beach or 97444,concrete,liquid stone designs,liquid stone designs,,,25000,,,,,,,,
,gold hill,oregon,gold hill,,,concrete,,,,,,,,,,,,,
,grants pass,oregon,grants pass,3,820 se m st grants pass or 97526,concrete,eric dawkins & great american skateparks,eric dawkins & great american skateparks,,7:30am - 10pm,21000,,,,,,,,
,gresham,oregon,gresham,3,219 s main ave gresham or 97080,concrete,dreamland,dreamland,,,5710,,,,yes,,,,
,happy valley,oregon,happy valley,,,concrete,,,,,,in progress,,,,,,,
,harrisburg,oregon,harrisburg,3,530 smith st harrisburg or 97446,concrete,dreamland,dreamland,,,10000,,BMXers have damaged much of the coping,,yes,,,,
,hermiston,oregon,hermiston,,,concrete,dreamland,dreamland,,,,,,,,,,,
reedville park,hillsboro,oregon,hillsboro,2,sw cornelius pass rd & sw frances st hillsboro or 97123,concrete,site design,corp inc ,,,12000,,,,,,,,
,hood river,oregon,hood river,5,wasco ave & n 20th st hood river or 97031,concrete,dreamland,dreamland,,,,,,,,,,,
barendse park,hubbard,oregon,hubbard,,5th st & kari ln hubbard or 97032,prefabricated ramps,,,,,3000,,,,,,,,
don baxter skatepark,irrigon,oregon,irrigon,4,main ave & 6th st ne irrigon or 97844,concrete,grindline,grindline,2007,,8000,,,,yes,,,,
,jacksonvile,oregon,jacksonvile,4,n oregon st & w c st jacksonville or 97530,concrete,grindline,grindline,,,,,,,,,,,
smokey gibson memorial park,john day,oregon,john day,,ne 7th ave john day or 97845,prefabricated ramps,,,2007,,6000,,,,,,,,
,junction city,oregon,junction city,,,concrete,,,,,,,,,,,,,
carlson skatepark,keizer,oregon,keizer,3,930 chemawa rd ne keizer or 97303,concrete,city/labor union,union labor,,,21600,,,,,,,,
,klamath falls,oregon,klamath falls,5,4500 foothills blvd klamath falls or,concrete,dreamland,dreamland,,,22000,,,,,,,6,
pioneer park,lagrande,oregon,lagrande,3,oak st & palmer ave la grande or 97850,concrete,,corp inc ,,,15000,,,,,,,,
,lake oswego,oregon,lake oswego,,pilkington rd & willow ln lake oswego or 97035,concrete,,,,,,,,,,,,,
,lincoln city,oregon,lincoln city,5,ne 23rd st lincoln city or 97367,concrete,dreamland,dreamland,,,,,,,,,,,
,madras,oregon,madras,,sw h st & sw lincoln st madras or 97741,concrete,dreamland,dreamland,,,10000,,,,,,,,
joe dancer park,mcminnville,oregon,mcminnville,,1650 se brooks st mcminnville oregon 97128,concrete,dreamland,dreamland,,Dawn - Dusk,10000,,,,,,,,
bear creek saktepark,medford,oregon,medford,3,1520 siskiyou blvd medford or 97504,concrete,eric dawkins & great american skateparks,eric dawkins & great american skateparks,,,24000,,,,,,,,
,mill city,oregon,mill city,,,concrete,,,,,,in progress,,,,,,,
,milton freewater,oregon,milton freewater,,nw 8th ave & robbins st milton-freewater umatilla oregon 97862,concrete,dreamland,dreamland,2004,,7500,,,,yes,,,,
,molalla,oregon,molalla,2,209 kennel st molalla or 97038,concrete,selena de la cruz & army corp of engineers,selena de la cruz & army corp of engineers,,,7600,,,,,,,,
,monmouth/independence,oregon,monmouth/independence,,monmouth independence hwy & n hogan rd monmouth or 97361,prefabricated ramps,volunteers & community,,2002,1 Hour Before Dawn - 1 Hour After Dusk,4000,,,,,,,,
millsite park,myrtle creek,oregon,myrtle creek,4,113 ne oak st myrtle creek or 97457,concrete,grindline,grindline,,,8500,,,,,,,,
,myrtle point,oregon,myrtle point,3,spruce st & 1st st myrtle point or 97458,concrete,eric dawkins & crow clay & associates,upper valley builders,,,10000,,,,,,,,
,nehalem,oregon,nehalem,,36155 9th st nehalem or 97131 usa,wood,,,,,2000,,,,,,,,
ewing young park,newburg,oregon,newburg,5,1201 s blaine st newberg or 97132,concrete,dreamland,dreamland,,Dawn - Dusk,29000,,,,,,,,
,newport,oregon,newport,,nw spring st & nw 8th st newport or 97365,concrete,airspeed skateparks,airspeed skateparks,,,6500,,,,,,,,
wayne c king memorial skatepark,ontario,oregon,ontario,,790 sw 3rd ave ontario oregon 97914 usa,concrete,,,,,,,,,,,,,
,oregon city,oregon,oregon city,,1955 clackamette drive oregon city or 97045,concrete,purkiss rose,robert johnson,,,10000,,,,,,,,
rudy rada skatepark,pendleton,oregon,pendleton,,us 30 & or 57 pendleton or 97801,concrete,dreamland,dreamland,,,11000,,,,yes,,,,
,pendleton,oregon,pendleton2,,,concrete,,,,,,,,,,,,,
,philomath,oregon,philomath,,2054 applegate st philomath or 97370,concrete,,,2005,,6000,,,,,,,,
buffington park,port orford,oregon,port orford,3,14th st & arizona st port orford or 97465,concrete,dreamland,dreamland,2009,,3000,,,,,,,,
alberta skate spot,portland,oregon,portland,,,concrete,,,,,,,,,,,,,
burnside,portland,oregon,portland3,,,concrete,,,,,,,,,,,,,
ed benedict skate plaza,portland,oregon,portland4,3,10000 southeast powell blvd portland or 97204,concrete,newline skateparks,california skateparks,,,18000,,,,,,,,
gabriel park,portland,oregon,portland5,3,sw vermont st & sw 45th ave portland or 97219,concrete,airspeed skateparks,airspeed skateparks,,,10000,,,,,,,,
glenhaven,portland,oregon,portland6,4,ne 82nd avenue & siskiyou st portland or 97213,concrete,dreamland,dreamland,,,11000,,,,,,,,
holly farm,portland,oregon,portland7,3,sw capitol hwy & sw comus st portland or 97219,concrete,dreamland,dreamland,,,2800,,,,,,,,
khunamokwst skate spot,portland,oregon,portland8,,,concrete,,,,,,,,,,,,,
pier park,portland,oregon,portland9,4,n hudson st & n bruce ave portland or 97203,concrete,dreamland,dreamland,,,11070,,,,,,,,
,prineville,oregon,prineville,,ne juniper st & ne knowledge st prineville or 97754,steel ramps,,,,,3000,,,,,,,,
,rainier,oregon,rainier,,w a st & w 6th st rainier or 97048,prefabricated ramps,,,,,3000,,,,,,,,
,redmond,oregon,redmond,,w antler ave & sw 15th st redmond or 97756,concrete,dreamland,dreamland,,,15000,,,,,,,,
,reedsport,oregon,reedsport,4,u s 101 & s 21st st reedsport or 97467,concrete,airspeed skateparks,airspeed skateparks,,Dawn - Dusk,13000,,,,,,,,
stewart park,roseburg,oregon,roseburg,3,duck pond st roseburg or 97471,concrete,eric dawkins & great american skateparks,eric dawkins & great american skateparks,2000,,8000,,,,,,,,
marion square park,salem,oregon,salem,2,commercial st ne & marion st ne salem or 97301,concrete,,,,,,,,,,,,,
,sandy,oregon,sandy,2,hood st & se meinig ave sandy or 97055,concrete,city of sandy,stagl construction & carlson construction,,Dawn - Dusk,10000,,,,,,,,
,scappoose,oregon,scappoose,1,e columbia ave & se 2nd st scappoose or 97056,concrete,buzzy morales & the army corps of engineers,buzzy morales & the army corps of engineers,1999,,2000,,,,,,,,
skate 'n' ride park,seaside,oregon,seaside,3,1140 broadway st seaside or 97138,concrete,placed to ride,placed to ride,,,11000,,,,,,,,
wayne potter memorial skatepark,sheridan,oregon,sheridan,,ne yamhill st & ne box st sheridan or 97378,concrete,oregon army national guard & city of sheridan public works department,oregon army national guard & city of sheridan public works department,1997,,10000,,,,,,,,
,siletz,oregon,siletz,,484 sw swan ave siletz or 97380,concrete,lrm & associates,alltech,2003,,10000,,,,,,,,
,sisters,oregon,sisters,,1750 mckinney butte rd sisters or 97759,concrete,liquid stone designs,,2013,,,,,,,,,,
willamalane skatepark,springfield,oregon,springfield,2,1276 g st springfield or 97477,concrete,purkiss rose,,2003,,11500,,,,,,,,
mccormick park,st helens,oregon,st helens,2,375 s 18th st st helens or 97051,concrete,tony gembeck,tony gembeck,,,12000,,,,,,,,
,sweet home,oregon,sweet home,1,1920 long st sweet home or 97386,prefabricated ramps,,,,,,,,,,,,,
old town skatepark,talent,oregon,talent,3,e main st & john st talent or 97540,concrete,airspeed skateparks,airspeed skateparks,1998,,12000,,,,,,,,
thompson park,the dalles,oregon,the dalles,,602 w 2nd st the dalles or 97058,concrete,spohn ranch,spohn ranch,,,7500,,,,,,,,
jim griffith memorial skatepark,tigard,oregon,tigard,4,13125 sw hall blvd tigard oregon 97223,concrete,dreamland,dreamland,,Dawn - Dusk,15000,,,,,,,,
,toledo,oregon,toledo,,nw a st & nw 7th st toledo or 97391,concrete,airspeed skateparks,airspeed skateparks,,,10000,,,,,,,,
,tualatin,oregon,tualatin,,8515 sw tualatin rd tualatin or 97062,concrete,purkiss rose,,,,,,,,,,,,
territorial park,veneta,oregon,veneta,,territorial rd & hunter rd veneta or 97487,concrete,,,2002,,8000,,,,,,,,
,waldport,oregon,waldport,3,s crestline dr & se salmon st waldport or 97394,concrete,airspeed skateparks,airspeed skateparks,,,6500,,,,,,,,
robinwood,west linn,oregon,west linn,1,3600 fairview way west linn or 97068,concrete,placed to ride,placed to ride,,,,,,,,,,,
,west linn,oregon,west linn2,5,parker rd & wild rose dr west linn or 97068,concrete,grindline,grindline,2002,,14000,,,,,,,,
,weston,oregon,weston,1,,concrete,,,,,,,,,,,,,
,white city,oregon,white city,3,7800 division rd white city or 97503,concrete,eric dawkins & great american skateparks,eric dawkins & great american skateparks,,,,,,,,,,,
oaken hills memorial park,willamina,oregon,willamina,1,417 ne oaken hills dr willamina or 97396,prefabricated ramps,,,,,3000,,,,,,,,
,wilsonville,oregon,wilsonville,1,8100 sw wilsonville road wilsonville oregon 97070,prefabricated ramps,,,,,6000,,,,,,,,
riverbend park,winston,oregon,winston,4,31 thompson ave winston or 97496,concrete,dreamland,dreamland,,,7000,,,,,,,,
richard jennings skaepark,woodburn,oregon,woodburn,,400 s settlemier ave woodburn or 97071,concrete,purkiss rose,corp inc ,,,12000,,,,,,,,
aberdeen skatepark,aberdeen,washington,aberdeen,,,,,,,,,,,,,,,,
airway heights skatepark,airway heights,washington,airway heights,,,,,,,,,,,,,,,,
ben root satepark,anacortes,washington,anacortes,,,,,,,,,,,,,,,,
arlington skatepark,arlington,washington,arlington,,,,,,,,,,,,,,,,
auburn skatepark,auburn,washington,auburn,,,,,,,,,,,,,,,,
lakeland skatepark,auburn,washington,auburn2,,,,,,,,,,,,,,,,
muckleshoot reservation skatepark,auburn,washington,auburn3,,,,,,,,,,,,,,,,
bainbridge island skatepark,bainbridge island,washington,bainbridge island,,,,,,,,,,,,,,,,
battleground park,battle ground,washington,battle ground,,,,,,,,,,,,,,,,
bellevue indoor skatepark,bellevue,washington,bellevue,,,,,,,,,,,,,,,,
crossroads,bellevue,washington,bellevue2,,,,,,,,,,,,,,,,
highland center skate plaza,bellevue,washington,bellevue3,,,,,,,,,,,,,,,,
bellingham skatepark,bellingham,washington,bellingham,,,,,,,,,,,,,,,,
skatepark,bingen,washington,bingen,,,,,,,,,,,,,,,,
black diamond skatepark,black diamond,washington,black diamond,,,,,,,,,,,,,,,,
blaine skatepark,blaine,washington,blaine,,,,,,,,,,,,,,,,
bonney lake skatepark,bonney lake,washington,bonney lake,,,,,,,,,,,,,,,,
bremerton skatepark,bremerton,washington,bremerton,,,,,,,,,,,,,,,,
naval base bremerton skatepark,bremerton,washington,bremerton,,,,,,,,,,,,,,,,
skatepark,buckley,washington,buckley,,,,,,,,,,,,,,,,
burien skatepark,burien,washington,burien,,,,,,,,,,,,,,,,
burlington skatepark,burlington,washington,burlington,,,,,,,,,,,,,,,,
calvery chaple skatepark,camano island,washington,camano island,,,,,,,,,,,,,,,,
camas/washougal skatepark,camas,washington,camas,,,,,,,,,,,,,,,,
carnation skatepark,carnation,washington,carnation,,,,,,,,,,,,,,,,
,castle rock,washington,castle rock,,,,,,,,,,,,,,,,
fuller's twin city skate park,centralia,washington,centralia,,,,,,,,,,,,,,,,
skatepark,chehalis,washington,chehalis,,,,,,,,,,,,,,,,
chelan skatepark,chelan,washington,chelan,,,,,,,,,,,,,,,,
chewelah skatepark,chewalah,washington,chewalah,,,,,,,,,,,,,,,,
clarkston skatepark,clarkston,washington,clarkston,,,,,,,,,,,,,,,,
cle elum skatepark,cle elum,washington,cle elum,,,,,,,,,,,,,,,,
colfax skate park,colfax,washington,colfax,,,,,,,,,,,,,,,,
164th avenue skate court,covington,washington,covington,,,,,,,,,,,,,,,,
skatepark,cusick,washington,cusick,,,,,,,,,,,,,,,,
deer park,deer park,washington,deer park,,,,,,,,,,,,,,,,
des moines skatepark,des moines,washington,des moines,,,,,,,,,,,,,,,,
duvall skatepark,duvall,washington,duvall,,,,,,,,,,,,,,,,
friendly grove skate court,east olympia,washington,east olympia,,,,,,,,,,,,,,,,
kenroy skatepark,east wenatchee,washington,east wenatchee,,,,,,,,,,,,,,,,
eatonville skatepark,eatonville,washington,eatonville,,,,,,,,,,,,,,,,
edmonds skatepark,edmonds,washington,edmonds,,,,,,,,,,,,,,,,
ellensburg skatepark,ellensburg,washington,ellensburg,,,,,,,,,,,,,,,,
enumclaw skatepark,enumclaw,washington,enumclaw,,,,,,,,,,,,,,,,
ephrata skatepark,ephrata,washington,ephrata,,,,,,,,,,,,,,,,
the garage skatepark,everett,washington,everett,,,,,,,,,,,,,,,,
walter e hall park,everett,washington,everett,,,,,,,,,,,,,,,,
wiggum's hollow park,everett,washington,everett,,,,,,,,,,,,,,,,
,fairfield,washington,fairfield,,,,,,,,,,,,,,,,
federal way skatepark,federal way,washington,federal way,,,,,,,,,,,,,,,,
steel lake skatepark,federal way,washington,federal way2,,,,,,,,,,,,,,,,
city of forks skatepark,forks,washington,forks,,,,,,,,,,,,,,,,
fort lewis skatepark,fort lewis,washington,fort lewis,,,,,,,,,,,,,,,,
mount rainier skate plaza,fort lewis,washington,fort lewis2,,,,,,,,,,,,,,,,
friday harbor skatepark,friday harbor,washington,friday harbor,,,,,,,,,,,,,,,,
daddyo's board room,gig harbor,washington,gig harbor,,,,,,,,,,,,,,,,
gig harbor skatepark,gig harbor,washington,gig harbor2,,,,,,,,,,,,,,,,
ekone park,goldendale,washington,goldendale,,,,,,,,,,,,,,,,
,gran coulee,washington,gran coulee,,,,,,,,,,,,,,,,
hoquiam skatepark,hoquiam,washington,hoquiam,,,,,,,,,,,,,,,,
issaquah skatepark,issaquah,washington,issaquah,,,,,,,,,,,,,,,,
kenmore public skatepark,kenmore,washington,kenmore,,,,,,,,,,,,,,,,
kennewick skatepark,kennewick,washington,kennewick,,,,,,,,,,,,,,,,
east hill skate park,kent,washington,kent,,,,,,,,,,,,,,,,
fenwick skatepark,kent,washington,kent2,,,,,,,,,,,,,,,,
kent lions skatepark,kent,washington,kent3,,,,,,,,,,,,,,,,
kettle falls skate park,kettle falls,washington,kettle falls,,,,,,,,,,,,,,,,
kingston skatepark,kingston,washington,kingston,,,,,,,,,,,,,,,,
kirkland skatepark,kirkland,washington,kirkland,,,,,,,,,,,,,,,,
,la center,washington,la center,,,,,,,,,,,,,,,,
rainer vista skatepark,lacey,washington,lacey,,,,,,,,,,,,,,,,
lakewood skatepark,lakewood,washington,lakewood,,,,,,,,,,,,,,,,
south whidbey skate park,langley,washington,langley,,,,,,,,,,,,,,,,
leavenworth skatepark,leavenworth,washington,leavenworth,,,,,,,,,,,,,,,,
liberty lake skatepark,liberty lake,washington,liberty lake,,,,,,,,,,,,,,,,
,longbeach,washington,longbeach,,,,,,,,,,,,,,,,
longview skatepark,longview,washington,longview,,,,,,,,,,,,,,,,
lopez island skatepark,lopez island,washington,lopez island,,,,,,,,,,,,,,,,
,lyle,washington,lyle,,,,,,,,,,,,,,,,
lynndale skatepark,lynnwood,washington,lynnwood,,,,,,,,,,,,,,,,
martha lake airport skatepark,lynnwood,washington,lynnwood2,,,,,,,,,,,,,,,,
maple valley skatepark,maple valley,washington,maple valley,,,,,,,,,,,,,,,,
marysville skatepark,marysville,washington,marysville,,,,,,,,,,,,,,,,
,mccleary,washington,mccleary,,,,,,,,,,,,,,,,
,mill creek,washington,mill creek,,,,,,,,,,,,,,,,
monroe board & blade park,monroe,washington,monroe,,,,,,,,,,,,,,,,
mortan skatepark,morton,washington,morton,,,,,,,,,,,,,,,,
moses lake skatepark,moses lake,washington,moses lake,,,,,,,,,,,,,,,,
skatepark,mount vernon,washington,mount vernon,,,,,,,,,,,,,,,,
mukilteo ymca skate park,mukilteo,washington,mukilteo,,,,,,,,,,,,,,,,
newport community park,newport,washington,newport,,,,,,,,,,,,,,,,
north bend skatepark,north bend,washington,north bend,,,,,,,,,,,,,,,,
oak harbor skatepark,oak harbor,washington,oak harbor,,,,,,,,,,,,,,,,
,oak harbor,washington,oak harbor,,,,,,,,,,,,,,,,
olympia skatepark,olympia,washington,olympia,,,,,,,,,,,,,,,,
omak skatepark,omak,washington,omak,,,,,,,,,,,,,,,,
scott stamnes memorial skatepark,orcas island,washington,orcas island,,,,,,,,,,,,,,,,
port angeles skatepark,port angeles,washington,port angeles,,,,,,,,,,,,,,,,
impact skate park,port orchard,washington,port orchard,,,,,,,,,,,,,,,,
impact skate shop & park,port orchard,washington,port orchard2,,,,,,,,,,,,,,,,
south kitsap skatepark,port orchard,washington,port orchard3,,,,,,,,,,,,,,,,
city of port townsend skatepark,port townsend,washington,port townsend,,,,,,,,,,,,,,,,
raab park,poulsbo,washington,poulsbo,,,,,,,,,,,,,,,,
ej miller park,prosser,washington,prosser,,,,,,,,,,,,,,,,
spring st skate park,pullman,washington,pullman,,,,,,,,,,,,,,,,
quincy skate park,quincy,washington,quincy,,,,,,,,,,,,,,,,
,raymond,washington,raymond,,,,,,,,,,,,,,,,
redmond skatepark,redmond,washington,redmond,,,,,,,,,,,,,,,,
renton skatepark,renton,washington,renton,,,,,,,,,,,,,,,,
,richland,washington,richland,,,,,,,,,,,,,,,,
ridgefield park,ridgefield,washington,ridgefield,,,,,,,,,,,,,,,,
sammamish commons,sammamish,washington,sammamish,,,,,,,,,,,,,,,,
ballard commons bowl,seattle,washington,seattle,,,,,,,,,,,,,,,,
crown hills skatepark,seattle,washington,seattle2,,,,,,,,,,,,,,,,
dahl skatespot,seattle,washington,seattle3,,,,,,,,,,,,,,,,
delridge skatepark,seattle,washington,seattle4,,,,,,,,,,,,,,,,
jefferson park skatepark,seattle,washington,seattle5,,,,,,,,,,,,,,,,
judkins skatepark,seattle,washington,seattle6,,,,,,,,,,,,,,,,
lower woodland skatepark,seattle,washington,seattle7,,,,,,,,,,,,,,,,
marginal way skatepark,seattle,washington,seattle8,,,,,,,,,,,,,,,,
river city skatepark,seattle,washington,seattle9,,,,,,,,,,,,,,,,
roxhill park skatepark,seattle,washington,seattle10,,,,,,,,,,,,,,,,
seattle center skatepark,seattle,washington,seattle11,,,,,,,,,,,,,,,,
summit slope skatedot,seattle,washington,seattle12,,,,,,,,,,,,,,,,
sedro woolly skate park,sedro woolley,washington,sedro woolley,,,,,,,,,,,,,,,,
sedro-woolley community skate park,sedro woolley,washington,sedro woolley2,,,,,,,,,,,,,,,,
selah skatepark,selah,washington,selah,,,,,,,,,,,,,,,,
sequim skateboard park,sequim,washington,sequim,,,,,,,,,,,,,,,,
,sequim,washington,sequim2,,,,,,,,,,,,,,,,
shelton skatepark,shelton,washington,shelton,,,,,,,,,,,,,,,,
paramount skatepark,shoreline,washington,shoreline,,,,,,,,,,,,,,,,
island lake skate camp,silverdale,washington,silverdale,,,,,,,,,,,,,,,,
silverdale skatepark,silverdale,washington,silverdale2,,,,,,,,,,,,,,,,
snohomish skatepark,snohomish,washington,snohomish,,,,,,,,,,,,,,,,
soap lake park,soap lake,washington,soap lake,,,,,,,,,,,,,,,,
sprinker skatepark,spanaway,washington,spanaway,,,,,,,,,,,,,,,,
hillyard skatepark,spokane,washington,spokane,,,,,,,,,,,,,,,,
west side,spokane,washington,spokane2,,,,,,,,,,,,,,,,
,spokane,washington,spokane3,,,,,,,,,,,,,,,,
peenickle skate park,stanwood,washington,stanwood,,,,,,,,,,,,,,,,
sumner skatepark,sumner,washington,sumner,,,,,,,,,,,,,,,,
norpoint,tacoma,washington,tacoma,,,,,,,,,,,,,,,,
stewart heights park,tacoma,washington,tacoma2,,,,,,,,,,,,,,,,
tacoma skatepark,tacoma,washington,tacoma3,,,,,,,,,,,,,,,,
thea's skatespot,tacoma,washington,tacoma4,,,,,,,,,,,,,,,,
,tonasket,washington,tonasket,,,,,,,,,,,,,,,,
tukwilla skate park,tukwilla,washington,tukwilla,,,,,,,,,,,,,,,,
laconner swinomish skate park,la conner,washington,unknown,,,,,,,,,,,,,,,,
mercer island skatepark,mercer island,washington,unknown,,,,,,,,,,,,,,,,
milltown commons skatepark,milton,washington,unknown,,,,,,,,,,,,,,,,
puyallup skatepark,puyallup,washington,unknown,,,,,,,,,,,,,,,,
seatac community skate park,seaTac,washington,unknown,,,,,,,,,,,,,,,,
seatac skatepark,seaTac,washington,unknown,,,,,,,,,,,,,,,,
university place skatepark,unknown,washington,unknown,,,,,,,,,,,,,,,,
woodland skatepark,unknown,washington,unknown,,,,,,,,,,,,,,,,
pacific community skatepark,vancouver,washington,vancouver,,,,,,,,,,,,,,,,
swift skatepark,vancouver,washington,vancouver,,,,,,,,,,,,,,,,
vashon skatepark,vashon island,washington,vashon island,,,,,,,,,,,,,,,,
walla walla skate park,walla walla,washington,walla walla,,,,,,,,,,,,,,,,
,wenatchee,washington,wenatchee,,,,,,,,,,,,,,,,
revolution snow & skate,wenatchee,washington,wenatchee2,,,,,,,,,,,,,,,,
wenatchee skatepark,wenatchee,washington,wenatchee3,,,,,,,,,,,,,,,,
skater zone,wilson creek,washington,wilson creek,,,,,,,,,,,,,,,,
winlock skatepark,winlock,washington,winlock,,,,,,,,,,,,,,,,
woodinville rotary skate/bmx park,woodinville,washington,woodinville,,,,,,,,,,,,,,,,
chesterley skate park,yakima,washington,yakima,,,,,,,,,,,,,,,,
kiwanis skatepark,yakima,washington,yakima2,,,,,,,,,,,,,,,,
yelm skatepark,yelm,washington,yelm,,,,,,,,,,,,,,,,